country_code,country,year,field,value,indicator_code,source_url
CHN,China,2024,gdp_current_usd,18743803170827.2,NY.GDP.MKTP.CD,https://api.worldbank.org/v2/country/RUS;CHN;IND;KAZ;TKM/indicator/NY.GDP.MKTP.CD?format=json&per_page=20000&date=2019:2024
CHN,China,2023,gdp_current_usd,18270356654533.2,NY.GDP.MKTP.CD,https://api.worldbank.org/v2/country/RUS;CHN;IND;KAZ;TKM/indicator/NY.GDP.MKTP.CD?format=json&per_page=20000&date=2019:2024
CHN,China,2022,gdp_current_usd,18316765021690.2,NY.GDP.MKTP.CD,https://api.worldbank.org/v2/country/RUS;CHN;IND;KAZ;TKM/indicator/NY.GDP.MKTP.CD?format=json&per_page=20000&date=2019:2024
CHN,China,2021,gdp_current_usd,18201698719564.0,NY.GDP.MKTP.CD,https://api.worldbank.org/v2/country/RUS;CHN;IND;KAZ;TKM/indicator/NY.GDP.MKTP.CD?format=json&per_page=20000&date=2019:2024
CHN,China,2020,gdp_current_usd,14996414166715.1,NY.GDP.MKTP.CD,https://api.worldbank.org/v2/country/RUS;CHN;IND;KAZ;TKM/indicator/NY.GDP.MKTP.CD?format=json&per_page=20000&date=2019:2024
CHN,China,2019,gdp_current_usd,14560167101283.4,NY.GDP.MKTP.CD,https://api.worldbank.org/v2/country/RUS;CHN;IND;KAZ;TKM/indicator/NY.GDP.MKTP.CD?format=json&per_page=20000&date=2019:2024
IND,India,2024,gdp_current_usd,3909891533858.08,NY.GDP.MKTP.CD,https://api.worldbank.org/v2/country/RUS;CHN;IND;KAZ;TKM/indicator/NY.GDP.MKTP.CD?format=json&per_page=20000&date=2019:2024
IND,India,2023,gdp_current_usd,3638489096033.86,NY.GDP.MKTP.CD,https://api.worldbank.org/v2/country/RUS;CHN;IND;KAZ;TKM/indicator/NY.GDP.MKTP.CD?format=json&per_page=20000&date=2019:2024
IND,India,2022,gdp_current_usd,3346107287730.93,NY.GDP.MKTP.CD,https://api.worldbank.org/v2/country/RUS;CHN;IND;KAZ;TKM/indicator/NY.GDP.MKTP.CD?format=json&per_page=20000&date=2019:2024
IND,India,2021,gdp_current_usd,3167270623260.47,NY.GDP.MKTP.CD,https://api.worldbank.org/v2/country/RUS;CHN;IND;KAZ;TKM/indicator/NY.GDP.MKTP.CD?format=json&per_page=20000&date=2019:2024
IND,India,2020,gdp_current_usd,2674851578587.27,NY.GDP.MKTP.CD,https://api.worldbank.org/v2/country/RUS;CHN;IND;KAZ;TKM/indicator/NY.GDP.MKTP.CD?format=json&per_page=20000&date=2019:2024
IND,India,2019,gdp_current_usd,2835606256558.19,NY.GDP.MKTP.CD,https://api.worldbank.org/v2/country/RUS;CHN;IND;KAZ;TKM/indicator/NY.GDP.MKTP.CD?format=json&per_page=20000&date=2019:2024
KAZ,Kazakhstan,2024,gdp_current_usd,291480274648.826,NY.GDP.MKTP.CD,https://api.worldbank.org/v2/country/RUS;CHN;IND;KAZ;TKM/indicator/NY.GDP.MKTP.CD?format=json&per_page=20000&date=2019:2024
KAZ,Kazakhstan,2023,gdp_current_usd,261840101059.923,NY.GDP.MKTP.CD,https://api.worldbank.org/v2/country/RUS;CHN;IND;KAZ;TKM/indicator/NY.GDP.MKTP.CD?format=json&per_page=20000&date=2019:2024
KAZ,Kazakhstan,2022,gdp_current_usd,225496328925.494,NY.GDP.MKTP.CD,https://api.worldbank.org/v2/country/RUS;CHN;IND;KAZ;TKM/indicator/NY.GDP.MKTP.CD?format=json&per_page=20000&date=2019:2024
KAZ,Kazakhstan,2021,gdp_current_usd,197112255360.612,NY.GDP.MKTP.CD,https://api.worldbank.org/v2/country/RUS;CHN;IND;KAZ;TKM/indicator/NY.GDP.MKTP.CD?format=json&per_page=20000&date=2019:2024
KAZ,Kazakhstan,2020,gdp_current_usd,171082365861.423,NY.GDP.MKTP.CD,https://api.worldbank.org/v2/country/RUS;CHN;IND;KAZ;TKM/indicator/NY.GDP.MKTP.CD?format=json&per_page=20000&date=2019:2024
KAZ,Kazakhstan,2019,gdp_current_usd,181667184854.501,NY.GDP.MKTP.CD,https://api.worldbank.org/v2/country/RUS;CHN;IND;KAZ;TKM/indicator/NY.GDP.MKTP.CD?format=json&per_page=20000&date=2019:2024
RUS,Russia,2024,gdp_current_usd,2173835806671.66,NY.GDP.MKTP.CD,https://api.worldbank.org/v2/country/RUS;CHN;IND;KAZ;TKM/indicator/NY.GDP.MKTP.CD?format=json&per_page=20000&date=2019:2024
RUS,Russia,2023,gdp_current_usd,2071505725030.58,NY.GDP.MKTP.CD,https://api.worldbank.org/v2/country/RUS;CHN;IND;KAZ;TKM/indicator/NY.GDP.MKTP.CD?format=json&per_page=20000&date=2019:2024
RUS,Russia,2022,gdp_current_usd,2291612121334.64,NY.GDP.MKTP.CD,https://api.worldbank.org/v2/country/RUS;CHN;IND;KAZ;TKM/indicator/NY.GDP.MKTP.CD?format=json&per_page=20000&date=2019:2024
RUS,Russia,2021,gdp_current_usd,1829186719575.1,NY.GDP.MKTP.CD,https://api.worldbank.org/v2/country/RUS;CHN;IND;KAZ;TKM/indicator/NY.GDP.MKTP.CD?format=json&per_page=20000&date=2019:2024
RUS,Russia,2020,gdp_current_usd,1493075894362.14,NY.GDP.MKTP.CD,https://api.worldbank.org/v2/country/RUS;CHN;IND;KAZ;TKM/indicator/NY.GDP.MKTP.CD?format=json&per_page=20000&date=2019:2024
RUS,Russia,2019,gdp_current_usd,1693115002708.32,NY.GDP.MKTP.CD,https://api.worldbank.org/v2/country/RUS;CHN;IND;KAZ;TKM/indicator/NY.GDP.MKTP.CD?format=json&per_page=20000&date=2019:2024
TKM,Turkmenistan,2024,gdp_current_usd,51387209872.2994,NY.GDP.MKTP.CD,https://api.worldbank.org/v2/country/RUS;CHN;IND;KAZ;TKM/indicator/NY.GDP.MKTP.CD?format=json&per_page=20000&date=2019:2024
TKM,Turkmenistan,2023,gdp_current_usd,45894538665.5538,NY.GDP.MKTP.CD,https://api.worldbank.org/v2/country/RUS;CHN;IND;KAZ;TKM/indicator/NY.GDP.MKTP.CD?format=json&per_page=20000&date=2019:2024
TKM,Turkmenistan,2022,gdp_current_usd,42208726137.7192,NY.GDP.MKTP.CD,https://api.worldbank.org/v2/country/RUS;CHN;IND;KAZ;TKM/indicator/NY.GDP.MKTP.CD?format=json&per_page=20000&date=2019:2024
TKM,Turkmenistan,2021,gdp_current_usd,40589905812.0364,NY.GDP.MKTP.CD,https://api.worldbank.org/v2/country/RUS;CHN;IND;KAZ;TKM/indicator/NY.GDP.MKTP.CD?format=json&per_page=20000&date=2019:2024
TKM,Turkmenistan,2020,gdp_current_usd,41509903181.7231,NY.GDP.MKTP.CD,https://api.worldbank.org/v2/country/RUS;CHN;IND;KAZ;TKM/indicator/NY.GDP.MKTP.CD?format=json&per_page=20000&date=2019:2024
TKM,Turkmenistan,2019,gdp_current_usd,40810067974.509,NY.GDP.MKTP.CD,https://api.worldbank.org/v2/country/RUS;CHN;IND;KAZ;TKM/indicator/NY.GDP.MKTP.CD?format=json&per_page=20000&date=2019:2024
CHN,China,2024,inflation_pct,0.218128938439177,FP.CPI.TOTL.ZG,https://api.worldbank.org/v2/country/RUS;CHN;IND;KAZ;TKM/indicator/FP.CPI.TOTL.ZG?format=json&per_page=20000&date=2019:2024
CHN,China,2023,inflation_pct,0.23483682889305,FP.CPI.TOTL.ZG,https://api.worldbank.org/v2/country/RUS;CHN;IND;KAZ;TKM/indicator/FP.CPI.TOTL.ZG?format=json&per_page=20000&date=2019:2024
CHN,China,2022,inflation_pct,1.9735755573905,FP.CPI.TOTL.ZG,https://api.worldbank.org/v2/country/RUS;CHN;IND;KAZ;TKM/indicator/FP.CPI.TOTL.ZG?format=json&per_page=20000&date=2019:2024
CHN,China,2021,inflation_pct,0.981015135544881,FP.CPI.TOTL.ZG,https://api.worldbank.org/v2/country/RUS;CHN;IND;KAZ;TKM/indicator/FP.CPI.TOTL.ZG?format=json&per_page=20000&date=2019:2024
CHN,China,2020,inflation_pct,2.41942189457782,FP.CPI.TOTL.ZG,https://api.worldbank.org/v2/country/RUS;CHN;IND;KAZ;TKM/indicator/FP.CPI.TOTL.ZG?format=json&per_page=20000&date=2019:2024
CHN,China,2019,inflation_pct,2.89923416358226,FP.CPI.TOTL.ZG,https://api.worldbank.org/v2/country/RUS;CHN;IND;KAZ;TKM/indicator/FP.CPI.TOTL.ZG?format=json&per_page=20000&date=2019:2024
IND,India,2024,inflation_pct,4.95303550973656,FP.CPI.TOTL.ZG,https://api.worldbank.org/v2/country/RUS;CHN;IND;KAZ;TKM/indicator/FP.CPI.TOTL.ZG?format=json&per_page=20000&date=2019:2024
IND,India,2023,inflation_pct,5.64914318907925,FP.CPI.TOTL.ZG,https://api.worldbank.org/v2/country/RUS;CHN;IND;KAZ;TKM/indicator/FP.CPI.TOTL.ZG?format=json&per_page=20000&date=2019:2024
IND,India,2022,inflation_pct,6.69903414079852,FP.CPI.TOTL.ZG,https://api.worldbank.org/v2/country/RUS;CHN;IND;KAZ;TKM/indicator/FP.CPI.TOTL.ZG?format=json&per_page=20000&date=2019:2024
IND,India,2021,inflation_pct,5.13140747176369,FP.CPI.TOTL.ZG,https://api.worldbank.org/v2/country/RUS;CHN;IND;KAZ;TKM/indicator/FP.CPI.TOTL.ZG?format=json&per_page=20000&date=2019:2024
IND,India,2020,inflation_pct,6.62343677628535,FP.CPI.TOTL.ZG,https://api.worldbank.org/v2/country/RUS;CHN;IND;KAZ;TKM/indicator/FP.CPI.TOTL.ZG?format=json&per_page=20000&date=2019:2024
IND,India,2019,inflation_pct,3.72950573539129,FP.CPI.TOTL.ZG,https://api.worldbank.org/v2/country/RUS;CHN;IND;KAZ;TKM/indicator/FP.CPI.TOTL.ZG?format=json&per_page=20000&date=2019:2024
KAZ,Kazakhstan,2024,inflation_pct,8.69082156104494,FP.CPI.TOTL.ZG,https://api.worldbank.org/v2/country/RUS;CHN;IND;KAZ;TKM/indicator/FP.CPI.TOTL.ZG?format=json&per_page=20000&date=2019:2024
KAZ,Kazakhstan,2023,inflation_pct,14.5275597825952,FP.CPI.TOTL.ZG,https://api.worldbank.org/v2/country/RUS;CHN;IND;KAZ;TKM/indicator/FP.CPI.TOTL.ZG?format=json&per_page=20000&date=2019:2024
KAZ,Kazakhstan,2022,inflation_pct,15.0278644440851,FP.CPI.TOTL.ZG,https://api.worldbank.org/v2/country/RUS;CHN;IND;KAZ;TKM/indicator/FP.CPI.TOTL.ZG?format=json&per_page=20000&date=2019:2024
KAZ,Kazakhstan,2021,inflation_pct,8.04147134028401,FP.CPI.TOTL.ZG,https://api.worldbank.org/v2/country/RUS;CHN;IND;KAZ;TKM/indicator/FP.CPI.TOTL.ZG?format=json&per_page=20000&date=2019:2024
KAZ,Kazakhstan,2020,inflation_pct,6.71815454861458,FP.CPI.TOTL.ZG,https://api.worldbank.org/v2/country/RUS;CHN;IND;KAZ;TKM/indicator/FP.CPI.TOTL.ZG?format=json&per_page=20000&date=2019:2024
KAZ,Kazakhstan,2019,inflation_pct,5.33356098916669,FP.CPI.TOTL.ZG,https://api.worldbank.org/v2/country/RUS;CHN;IND;KAZ;TKM/indicator/FP.CPI.TOTL.ZG?format=json&per_page=20000&date=2019:2024
RUS,Russia,2024,inflation_pct,8.43486410496723,FP.CPI.TOTL.ZG,https://api.worldbank.org/v2/country/RUS;CHN;IND;KAZ;TKM/indicator/FP.CPI.TOTL.ZG?format=json&per_page=20000&date=2019:2024
RUS,Russia,2023,inflation_pct,5.86571931748967,FP.CPI.TOTL.ZG,https://api.worldbank.org/v2/country/RUS;CHN;IND;KAZ;TKM/indicator/FP.CPI.TOTL.ZG?format=json&per_page=20000&date=2019:2024
RUS,Russia,2022,inflation_pct,13.7436797398232,FP.CPI.TOTL.ZG,https://api.worldbank.org/v2/country/RUS;CHN;IND;KAZ;TKM/indicator/FP.CPI.TOTL.ZG?format=json&per_page=20000&date=2019:2024
RUS,Russia,2021,inflation_pct,6.69445891957612,FP.CPI.TOTL.ZG,https://api.worldbank.org/v2/country/RUS;CHN;IND;KAZ;TKM/indicator/FP.CPI.TOTL.ZG?format=json&per_page=20000&date=2019:2024
RUS,Russia,2020,inflation_pct,3.38219796948068,FP.CPI.TOTL.ZG,https://api.worldbank.org/v2/country/RUS;CHN;IND;KAZ;TKM/indicator/FP.CPI.TOTL.ZG?format=json&per_page=20000&date=2019:2024
RUS,Russia,2019,inflation_pct,4.47202631837903,FP.CPI.TOTL.ZG,https://api.worldbank.org/v2/country/RUS;CHN;IND;KAZ;TKM/indicator/FP.CPI.TOTL.ZG?format=json&per_page=20000&date=2019:2024
TKM,Turkmenistan,2024,inflation_pct,,FP.CPI.TOTL.ZG,https://api.worldbank.org/v2/country/RUS;CHN;IND;KAZ;TKM/indicator/FP.CPI.TOTL.ZG?format=json&per_page=20000&date=2019:2024
TKM,Turkmenistan,2023,inflation_pct,,FP.CPI.TOTL.ZG,https://api.worldbank.org/v2/country/RUS;CHN;IND;KAZ;TKM/indicator/FP.CPI.TOTL.ZG?format=json&per_page=20000&date=2019:2024
TKM,Turkmenistan,2022,inflation_pct,,FP.CPI.TOTL.ZG,https://api.worldbank.org/v2/country/RUS;CHN;IND;KAZ;TKM/indicator/FP.CPI.TOTL.ZG?format=json&per_page=20000&date=2019:2024
TKM,Turkmenistan,2021,inflation_pct,,FP.CPI.TOTL.ZG,https://api.worldbank.org/v2/country/RUS;CHN;IND;KAZ;TKM/indicator/FP.CPI.TOTL.ZG?format=json&per_page=20000&date=2019:2024
TKM,Turkmenistan,2020,inflation_pct,,FP.CPI.TOTL.ZG,https://api.worldbank.org/v2/country/RUS;CHN;IND;KAZ;TKM/indicator/FP.CPI.TOTL.ZG?format=json&per_page=20000&date=2019:2024
TKM,Turkmenistan,2019,inflation_pct,,FP.CPI.TOTL.ZG,https://api.worldbank.org/v2/country/RUS;CHN;IND;KAZ;TKM/indicator/FP.CPI.TOTL.ZG?format=json&per_page=20000&date=2019:2024
CHN,China,2024,fdi_inflows_usd,18556141172.84,BX.KLT.DINV.CD.WD,https://api.worldbank.org/v2/country/RUS;CHN;IND;KAZ;TKM/indicator/BX.KLT.DINV.CD.WD?format=json&per_page=20000&date=2019:2024
CHN,China,2023,fdi_inflows_usd,51338076801.59,BX.KLT.DINV.CD.WD,https://api.worldbank.org/v2/country/RUS;CHN;IND;KAZ;TKM/indicator/BX.KLT.DINV.CD.WD?format=json&per_page=20000&date=2019:2024
CHN,China,2022,fdi_inflows_usd,190203789092.51,BX.KLT.DINV.CD.WD,https://api.worldbank.org/v2/country/RUS;CHN;IND;KAZ;TKM/indicator/BX.KLT.DINV.CD.WD?format=json&per_page=20000&date=2019:2024
CHN,China,2021,fdi_inflows_usd,344074977062.48,BX.KLT.DINV.CD.WD,https://api.worldbank.org/v2/country/RUS;CHN;IND;KAZ;TKM/indicator/BX.KLT.DINV.CD.WD?format=json&per_page=20000&date=2019:2024
CHN,China,2020,fdi_inflows_usd,253095616058.58,BX.KLT.DINV.CD.WD,https://api.worldbank.org/v2/country/RUS;CHN;IND;KAZ;TKM/indicator/BX.KLT.DINV.CD.WD?format=json&per_page=20000&date=2019:2024
CHN,China,2019,fdi_inflows_usd,187169822364.755,BX.KLT.DINV.CD.WD,https://api.worldbank.org/v2/country/RUS;CHN;IND;KAZ;TKM/indicator/BX.KLT.DINV.CD.WD?format=json&per_page=20000&date=2019:2024
IND,India,2024,fdi_inflows_usd,27139853378.1402,BX.KLT.DINV.CD.WD,https://api.worldbank.org/v2/country/RUS;CHN;IND;KAZ;TKM/indicator/BX.KLT.DINV.CD.WD?format=json&per_page=20000&date=2019:2024
IND,India,2023,fdi_inflows_usd,28086193530.3979,BX.KLT.DINV.CD.WD,https://api.worldbank.org/v2/country/RUS;CHN;IND;KAZ;TKM/indicator/BX.KLT.DINV.CD.WD?format=json&per_page=20000&date=2019:2024
IND,India,2022,fdi_inflows_usd,49940258404.2659,BX.KLT.DINV.CD.WD,https://api.worldbank.org/v2/country/RUS;CHN;IND;KAZ;TKM/indicator/BX.KLT.DINV.CD.WD?format=json&per_page=20000&date=2019:2024
IND,India,2021,fdi_inflows_usd,44727277562.881,BX.KLT.DINV.CD.WD,https://api.worldbank.org/v2/country/RUS;CHN;IND;KAZ;TKM/indicator/BX.KLT.DINV.CD.WD?format=json&per_page=20000&date=2019:2024
IND,India,2020,fdi_inflows_usd,64362364994.3754,BX.KLT.DINV.CD.WD,https://api.worldbank.org/v2/country/RUS;CHN;IND;KAZ;TKM/indicator/BX.KLT.DINV.CD.WD?format=json&per_page=20000&date=2019:2024
IND,India,2019,fdi_inflows_usd,50610647353.5911,BX.KLT.DINV.CD.WD,https://api.worldbank.org/v2/country/RUS;CHN;IND;KAZ;TKM/indicator/BX.KLT.DINV.CD.WD?format=json&per_page=20000&date=2019:2024
KAZ,Kazakhstan,2024,fdi_inflows_usd,1978987098.02375,BX.KLT.DINV.CD.WD,https://api.worldbank.org/v2/country/RUS;CHN;IND;KAZ;TKM/indicator/BX.KLT.DINV.CD.WD?format=json&per_page=20000&date=2019:2024
KAZ,Kazakhstan,2023,fdi_inflows_usd,5722500090.69169,BX.KLT.DINV.CD.WD,https://api.worldbank.org/v2/country/RUS;CHN;IND;KAZ;TKM/indicator/BX.KLT.DINV.CD.WD?format=json&per_page=20000&date=2019:2024
KAZ,Kazakhstan,2022,fdi_inflows_usd,5081682329.11,BX.KLT.DINV.CD.WD,https://api.worldbank.org/v2/country/RUS;CHN;IND;KAZ;TKM/indicator/BX.KLT.DINV.CD.WD?format=json&per_page=20000&date=2019:2024
KAZ,Kazakhstan,2021,fdi_inflows_usd,4566615415.48999,BX.KLT.DINV.CD.WD,https://api.worldbank.org/v2/country/RUS;CHN;IND;KAZ;TKM/indicator/BX.KLT.DINV.CD.WD?format=json&per_page=20000&date=2019:2024
KAZ,Kazakhstan,2020,fdi_inflows_usd,7205989084.29,BX.KLT.DINV.CD.WD,https://api.worldbank.org/v2/country/RUS;CHN;IND;KAZ;TKM/indicator/BX.KLT.DINV.CD.WD?format=json&per_page=20000&date=2019:2024
KAZ,Kazakhstan,2019,fdi_inflows_usd,3730856270.68398,BX.KLT.DINV.CD.WD,https://api.worldbank.org/v2/country/RUS;CHN;IND;KAZ;TKM/indicator/BX.KLT.DINV.CD.WD?format=json&per_page=20000&date=2019:2024
RUS,Russia,2024,fdi_inflows_usd,-9350250000.0,BX.KLT.DINV.CD.WD,https://api.worldbank.org/v2/country/RUS;CHN;IND;KAZ;TKM/indicator/BX.KLT.DINV.CD.WD?format=json&per_page=20000&date=2019:2024
RUS,Russia,2023,fdi_inflows_usd,-10045120000.0,BX.KLT.DINV.CD.WD,https://api.worldbank.org/v2/country/RUS;CHN;IND;KAZ;TKM/indicator/BX.KLT.DINV.CD.WD?format=json&per_page=20000&date=2019:2024
RUS,Russia,2022,fdi_inflows_usd,-39800944226.9805,BX.KLT.DINV.CD.WD,https://api.worldbank.org/v2/country/RUS;CHN;IND;KAZ;TKM/indicator/BX.KLT.DINV.CD.WD?format=json&per_page=20000&date=2019:2024
RUS,Russia,2021,fdi_inflows_usd,40450000000.0,BX.KLT.DINV.CD.WD,https://api.worldbank.org/v2/country/RUS;CHN;IND;KAZ;TKM/indicator/BX.KLT.DINV.CD.WD?format=json&per_page=20000&date=2019:2024
RUS,Russia,2020,fdi_inflows_usd,9478810000.0,BX.KLT.DINV.CD.WD,https://api.worldbank.org/v2/country/RUS;CHN;IND;KAZ;TKM/indicator/BX.KLT.DINV.CD.WD?format=json&per_page=20000&date=2019:2024
RUS,Russia,2019,fdi_inflows_usd,31974770000.0,BX.KLT.DINV.CD.WD,https://api.worldbank.org/v2/country/RUS;CHN;IND;KAZ;TKM/indicator/BX.KLT.DINV.CD.WD?format=json&per_page=20000&date=2019:2024
TKM,Turkmenistan,2024,fdi_inflows_usd,1644770160.0,BX.KLT.DINV.CD.WD,https://api.worldbank.org/v2/country/RUS;CHN;IND;KAZ;TKM/indicator/BX.KLT.DINV.CD.WD?format=json&per_page=20000&date=2019:2024
TKM,Turkmenistan,2023,fdi_inflows_usd,1378312080.0,BX.KLT.DINV.CD.WD,https://api.worldbank.org/v2/country/RUS;CHN;IND;KAZ;TKM/indicator/BX.KLT.DINV.CD.WD?format=json&per_page=20000&date=2019:2024
TKM,Turkmenistan,2022,fdi_inflows_usd,936039710.0,BX.KLT.DINV.CD.WD,https://api.worldbank.org/v2/country/RUS;CHN;IND;KAZ;TKM/indicator/BX.KLT.DINV.CD.WD?format=json&per_page=20000&date=2019:2024
TKM,Turkmenistan,2021,fdi_inflows_usd,1287334690.0,BX.KLT.DINV.CD.WD,https://api.worldbank.org/v2/country/RUS;CHN;IND;KAZ;TKM/indicator/BX.KLT.DINV.CD.WD?format=json&per_page=20000&date=2019:2024
TKM,Turkmenistan,2020,fdi_inflows_usd,1436241800.0,BX.KLT.DINV.CD.WD,https://api.worldbank.org/v2/country/RUS;CHN;IND;KAZ;TKM/indicator/BX.KLT.DINV.CD.WD?format=json&per_page=20000&date=2019:2024
TKM,Turkmenistan,2019,fdi_inflows_usd,1853632130.0,BX.KLT.DINV.CD.WD,https://api.worldbank.org/v2/country/RUS;CHN;IND;KAZ;TKM/indicator/BX.KLT.DINV.CD.WD?format=json&per_page=20000&date=2019:2024
CHN,China,2024,industry_value_added_pct_gdp,36.4756594453045,NV.IND.TOTL.ZS,https://api.worldbank.org/v2/country/RUS;CHN;IND;KAZ;TKM/indicator/NV.IND.TOTL.ZS?format=json&per_page=20000&date=2019:2024
CHN,China,2023,industry_value_added_pct_gdp,36.7725030223561,NV.IND.TOTL.ZS,https://api.worldbank.org/v2/country/RUS;CHN;IND;KAZ;TKM/indicator/NV.IND.TOTL.ZS?format=json&per_page=20000&date=2019:2024
CHN,China,2022,industry_value_added_pct_gdp,37.8945266620066,NV.IND.TOTL.ZS,https://api.worldbank.org/v2/country/RUS;CHN;IND;KAZ;TKM/indicator/NV.IND.TOTL.ZS?format=json&per_page=20000&date=2019:2024
CHN,China,2021,industry_value_added_pct_gdp,38.0924722040717,NV.IND.TOTL.ZS,https://api.worldbank.org/v2/country/RUS;CHN;IND;KAZ;TKM/indicator/NV.IND.TOTL.ZS?format=json&per_page=20000&date=2019:2024
CHN,China,2020,industry_value_added_pct_gdp,36.9115624066306,NV.IND.TOTL.ZS,https://api.worldbank.org/v2/country/RUS;CHN;IND;KAZ;TKM/indicator/NV.IND.TOTL.ZS?format=json&per_page=20000&date=2019:2024
CHN,China,2019,industry_value_added_pct_gdp,37.7642333162735,NV.IND.TOTL.ZS,https://api.worldbank.org/v2/country/RUS;CHN;IND;KAZ;TKM/indicator/NV.IND.TOTL.ZS?format=json&per_page=20000&date=2019:2024
IND,India,2024,industry_value_added_pct_gdp,24.6285041297852,NV.IND.TOTL.ZS,https://api.worldbank.org/v2/country/RUS;CHN;IND;KAZ;TKM/indicator/NV.IND.TOTL.ZS?format=json&per_page=20000&date=2019:2024
IND,India,2023,industry_value_added_pct_gdp,25.302936496264,NV.IND.TOTL.ZS,https://api.worldbank.org/v2/country/RUS;CHN;IND;KAZ;TKM/indicator/NV.IND.TOTL.ZS?format=json&per_page=20000&date=2019:2024
IND,India,2022,industry_value_added_pct_gdp,25.3845195629461,NV.IND.TOTL.ZS,https://api.worldbank.org/v2/country/RUS;CHN;IND;KAZ;TKM/indicator/NV.IND.TOTL.ZS?format=json&per_page=20000&date=2019:2024
IND,India,2021,industry_value_added_pct_gdp,26.466523606501,NV.IND.TOTL.ZS,https://api.worldbank.org/v2/country/RUS;CHN;IND;KAZ;TKM/indicator/NV.IND.TOTL.ZS?format=json&per_page=20000&date=2019:2024
IND,India,2020,industry_value_added_pct_gdp,25.1229058078344,NV.IND.TOTL.ZS,https://api.worldbank.org/v2/country/RUS;CHN;IND;KAZ;TKM/indicator/NV.IND.TOTL.ZS?format=json&per_page=20000&date=2019:2024
IND,India,2019,industry_value_added_pct_gdp,24.5914753075066,NV.IND.TOTL.ZS,https://api.worldbank.org/v2/country/RUS;CHN;IND;KAZ;TKM/indicator/NV.IND.TOTL.ZS?format=json&per_page=20000&date=2019:2024
KAZ,Kazakhstan,2024,industry_value_added_pct_gdp,32.112807813811,NV.IND.TOTL.ZS,https://api.worldbank.org/v2/country/RUS;CHN;IND;KAZ;TKM/indicator/NV.IND.TOTL.ZS?format=json&per_page=20000&date=2019:2024
KAZ,Kazakhstan,2023,industry_value_added_pct_gdp,32.4284843310401,NV.IND.TOTL.ZS,https://api.worldbank.org/v2/country/RUS;CHN;IND;KAZ;TKM/indicator/NV.IND.TOTL.ZS?format=json&per_page=20000&date=2019:2024
KAZ,Kazakhstan,2022,industry_value_added_pct_gdp,34.9793974237581,NV.IND.TOTL.ZS,https://api.worldbank.org/v2/country/RUS;CHN;IND;KAZ;TKM/indicator/NV.IND.TOTL.ZS?format=json&per_page=20000&date=2019:2024
KAZ,Kazakhstan,2021,industry_value_added_pct_gdp,35.2669295966944,NV.IND.TOTL.ZS,https://api.worldbank.org/v2/country/RUS;CHN;IND;KAZ;TKM/indicator/NV.IND.TOTL.ZS?format=json&per_page=20000&date=2019:2024
KAZ,Kazakhstan,2020,industry_value_added_pct_gdp,33.0977971542858,NV.IND.TOTL.ZS,https://api.worldbank.org/v2/country/RUS;CHN;IND;KAZ;TKM/indicator/NV.IND.TOTL.ZS?format=json&per_page=20000&date=2019:2024
KAZ,Kazakhstan,2019,industry_value_added_pct_gdp,33.028795913527,NV.IND.TOTL.ZS,https://api.worldbank.org/v2/country/RUS;CHN;IND;KAZ;TKM/indicator/NV.IND.TOTL.ZS?format=json&per_page=20000&date=2019:2024
RUS,Russia,2024,industry_value_added_pct_gdp,30.7201326538798,NV.IND.TOTL.ZS,https://api.worldbank.org/v2/country/RUS;CHN;IND;KAZ;TKM/indicator/NV.IND.TOTL.ZS?format=json&per_page=20000&date=2019:2024
RUS,Russia,2023,industry_value_added_pct_gdp,30.4081329218998,NV.IND.TOTL.ZS,https://api.worldbank.org/v2/country/RUS;CHN;IND;KAZ;TKM/indicator/NV.IND.TOTL.ZS?format=json&per_page=20000&date=2019:2024
RUS,Russia,2022,industry_value_added_pct_gdp,32.2301435685138,NV.IND.TOTL.ZS,https://api.worldbank.org/v2/country/RUS;CHN;IND;KAZ;TKM/indicator/NV.IND.TOTL.ZS?format=json&per_page=20000&date=2019:2024
RUS,Russia,2021,industry_value_added_pct_gdp,31.7859991548592,NV.IND.TOTL.ZS,https://api.worldbank.org/v2/country/RUS;CHN;IND;KAZ;TKM/indicator/NV.IND.TOTL.ZS?format=json&per_page=20000&date=2019:2024
RUS,Russia,2020,industry_value_added_pct_gdp,29.7171245814295,NV.IND.TOTL.ZS,https://api.worldbank.org/v2/country/RUS;CHN;IND;KAZ;TKM/indicator/NV.IND.TOTL.ZS?format=json&per_page=20000&date=2019:2024
RUS,Russia,2019,industry_value_added_pct_gdp,32.1504958365379,NV.IND.TOTL.ZS,https://api.worldbank.org/v2/country/RUS;CHN;IND;KAZ;TKM/indicator/NV.IND.TOTL.ZS?format=json&per_page=20000&date=2019:2024
TKM,Turkmenistan,2024,industry_value_added_pct_gdp,37.4826200082708,NV.IND.TOTL.ZS,https://api.worldbank.org/v2/country/RUS;CHN;IND;KAZ;TKM/indicator/NV.IND.TOTL.ZS?format=json&per_page=20000&date=2019:2024
TKM,Turkmenistan,2023,industry_value_added_pct_gdp,39.272199471256,NV.IND.TOTL.ZS,https://api.worldbank.org/v2/country/RUS;CHN;IND;KAZ;TKM/indicator/NV.IND.TOTL.ZS?format=json&per_page=20000&date=2019:2024
TKM,Turkmenistan,2022,industry_value_added_pct_gdp,40.4477669790021,NV.IND.TOTL.ZS,https://api.worldbank.org/v2/country/RUS;CHN;IND;KAZ;TKM/indicator/NV.IND.TOTL.ZS?format=json&per_page=20000&date=2019:2024
TKM,Turkmenistan,2021,industry_value_added_pct_gdp,37.1241986904803,NV.IND.TOTL.ZS,https://api.worldbank.org/v2/country/RUS;CHN;IND;KAZ;TKM/indicator/NV.IND.TOTL.ZS?format=json&per_page=20000&date=2019:2024
TKM,Turkmenistan,2020,industry_value_added_pct_gdp,37.3826880265398,NV.IND.TOTL.ZS,https://api.worldbank.org/v2/country/RUS;CHN;IND;KAZ;TKM/indicator/NV.IND.TOTL.ZS?format=json&per_page=20000&date=2019:2024
TKM,Turkmenistan,2019,industry_value_added_pct_gdp,42.4122793165524,NV.IND.TOTL.ZS,https://api.worldbank.org/v2/country/RUS;CHN;IND;KAZ;TKM/indicator/NV.IND.TOTL.ZS?format=json&per_page=20000&date=2019:2024
CHN,China,2024,manufacturing_value_added_pct_gdp,24.8692407436614,NV.IND.MANF.ZS,https://api.worldbank.org/v2/country/RUS;CHN;IND;KAZ;TKM/indicator/NV.IND.MANF.ZS?format=json&per_page=20000&date=2019:2024
CHN,China,2023,manufacturing_value_added_pct_gdp,25.4991668287269,NV.IND.MANF.ZS,https://api.worldbank.org/v2/country/RUS;CHN;IND;KAZ;TKM/indicator/NV.IND.MANF.ZS?format=json&per_page=20000&date=2019:2024
CHN,China,2022,manufacturing_value_added_pct_gdp,26.4237655920515,NV.IND.MANF.ZS,https://api.worldbank.org/v2/country/RUS;CHN;IND;KAZ;TKM/indicator/NV.IND.MANF.ZS?format=json&per_page=20000&date=2019:2024
CHN,China,2021,manufacturing_value_added_pct_gdp,26.9701216685139,NV.IND.MANF.ZS,https://api.worldbank.org/v2/country/RUS;CHN;IND;KAZ;TKM/indicator/NV.IND.MANF.ZS?format=json&per_page=20000&date=2019:2024
CHN,China,2020,manufacturing_value_added_pct_gdp,25.7441402732098,NV.IND.MANF.ZS,https://api.worldbank.org/v2/country/RUS;CHN;IND;KAZ;TKM/indicator/NV.IND.MANF.ZS?format=json&per_page=20000&date=2019:2024
CHN,China,2019,manufacturing_value_added_pct_gdp,26.2594662949297,NV.IND.MANF.ZS,https://api.worldbank.org/v2/country/RUS;CHN;IND;KAZ;TKM/indicator/NV.IND.MANF.ZS?format=json&per_page=20000&date=2019:2024
IND,India,2024,manufacturing_value_added_pct_gdp,12.6085653310554,NV.IND.MANF.ZS,https://api.worldbank.org/v2/country/RUS;CHN;IND;KAZ;TKM/indicator/NV.IND.MANF.ZS?format=json&per_page=20000&date=2019:2024
IND,India,2023,manufacturing_value_added_pct_gdp,13.0186290013323,NV.IND.MANF.ZS,https://api.worldbank.org/v2/country/RUS;CHN;IND;KAZ;TKM/indicator/NV.IND.MANF.ZS?format=json&per_page=20000&date=2019:2024
IND,India,2022,manufacturing_value_added_pct_gdp,13.1454235512516,NV.IND.MANF.ZS,https://api.worldbank.org/v2/country/RUS;CHN;IND;KAZ;TKM/indicator/NV.IND.MANF.ZS?format=json&per_page=20000&date=2019:2024
IND,India,2021,manufacturing_value_added_pct_gdp,14.3770288531286,NV.IND.MANF.ZS,https://api.worldbank.org/v2/country/RUS;CHN;IND;KAZ;TKM/indicator/NV.IND.MANF.ZS?format=json&per_page=20000&date=2019:2024
IND,India,2020,manufacturing_value_added_pct_gdp,14.1204853576923,NV.IND.MANF.ZS,https://api.worldbank.org/v2/country/RUS;CHN;IND;KAZ;TKM/indicator/NV.IND.MANF.ZS?format=json&per_page=20000&date=2019:2024
IND,India,2019,manufacturing_value_added_pct_gdp,13.4558075633394,NV.IND.MANF.ZS,https://api.worldbank.org/v2/country/RUS;CHN;IND;KAZ;TKM/indicator/NV.IND.MANF.ZS?format=json&per_page=20000&date=2019:2024
KAZ,Kazakhstan,2024,manufacturing_value_added_pct_gdp,12.3935343078141,NV.IND.MANF.ZS,https://api.worldbank.org/v2/country/RUS;CHN;IND;KAZ;TKM/indicator/NV.IND.MANF.ZS?format=json&per_page=20000&date=2019:2024
KAZ,Kazakhstan,2023,manufacturing_value_added_pct_gdp,12.2881884103734,NV.IND.MANF.ZS,https://api.worldbank.org/v2/country/RUS;CHN;IND;KAZ;TKM/indicator/NV.IND.MANF.ZS?format=json&per_page=20000&date=2019:2024
KAZ,Kazakhstan,2022,manufacturing_value_added_pct_gdp,13.4242966658263,NV.IND.MANF.ZS,https://api.worldbank.org/v2/country/RUS;CHN;IND;KAZ;TKM/indicator/NV.IND.MANF.ZS?format=json&per_page=20000&date=2019:2024
KAZ,Kazakhstan,2021,manufacturing_value_added_pct_gdp,13.6087547428034,NV.IND.MANF.ZS,https://api.worldbank.org/v2/country/RUS;CHN;IND;KAZ;TKM/indicator/NV.IND.MANF.ZS?format=json&per_page=20000&date=2019:2024
KAZ,Kazakhstan,2020,manufacturing_value_added_pct_gdp,13.0725321801007,NV.IND.MANF.ZS,https://api.worldbank.org/v2/country/RUS;CHN;IND;KAZ;TKM/indicator/NV.IND.MANF.ZS?format=json&per_page=20000&date=2019:2024
KAZ,Kazakhstan,2019,manufacturing_value_added_pct_gdp,11.466364067234,NV.IND.MANF.ZS,https://api.worldbank.org/v2/country/RUS;CHN;IND;KAZ;TKM/indicator/NV.IND.MANF.ZS?format=json&per_page=20000&date=2019:2024
RUS,Russia,2024,manufacturing_value_added_pct_gdp,13.2536575793102,NV.IND.MANF.ZS,https://api.worldbank.org/v2/country/RUS;CHN;IND;KAZ;TKM/indicator/NV.IND.MANF.ZS?format=json&per_page=20000&date=2019:2024
RUS,Russia,2023,manufacturing_value_added_pct_gdp,12.7464592884783,NV.IND.MANF.ZS,https://api.worldbank.org/v2/country/RUS;CHN;IND;KAZ;TKM/indicator/NV.IND.MANF.ZS?format=json&per_page=20000&date=2019:2024
RUS,Russia,2022,manufacturing_value_added_pct_gdp,13.2415352054384,NV.IND.MANF.ZS,https://api.worldbank.org/v2/country/RUS;CHN;IND;KAZ;TKM/indicator/NV.IND.MANF.ZS?format=json&per_page=20000&date=2019:2024
RUS,Russia,2021,manufacturing_value_added_pct_gdp,13.1326683991037,NV.IND.MANF.ZS,https://api.worldbank.org/v2/country/RUS;CHN;IND;KAZ;TKM/indicator/NV.IND.MANF.ZS?format=json&per_page=20000&date=2019:2024
RUS,Russia,2020,manufacturing_value_added_pct_gdp,13.4028136833178,NV.IND.MANF.ZS,https://api.worldbank.org/v2/country/RUS;CHN;IND;KAZ;TKM/indicator/NV.IND.MANF.ZS?format=json&per_page=20000&date=2019:2024
RUS,Russia,2019,manufacturing_value_added_pct_gdp,12.9692072844848,NV.IND.MANF.ZS,https://api.worldbank.org/v2/country/RUS;CHN;IND;KAZ;TKM/indicator/NV.IND.MANF.ZS?format=json&per_page=20000&date=2019:2024
TKM,Turkmenistan,2024,manufacturing_value_added_pct_gdp,17.9621538458978,NV.IND.MANF.ZS,https://api.worldbank.org/v2/country/RUS;CHN;IND;KAZ;TKM/indicator/NV.IND.MANF.ZS?format=json&per_page=20000&date=2019:2024
TKM,Turkmenistan,2023,manufacturing_value_added_pct_gdp,,NV.IND.MANF.ZS,https://api.worldbank.org/v2/country/RUS;CHN;IND;KAZ;TKM/indicator/NV.IND.MANF.ZS?format=json&per_page=20000&date=2019:2024
TKM,Turkmenistan,2022,manufacturing_value_added_pct_gdp,,NV.IND.MANF.ZS,https://api.worldbank.org/v2/country/RUS;CHN;IND;KAZ;TKM/indicator/NV.IND.MANF.ZS?format=json&per_page=20000&date=2019:2024
TKM,Turkmenistan,2021,manufacturing_value_added_pct_gdp,,NV.IND.MANF.ZS,https://api.worldbank.org/v2/country/RUS;CHN;IND;KAZ;TKM/indicator/NV.IND.MANF.ZS?format=json&per_page=20000&date=2019:2024
TKM,Turkmenistan,2020,manufacturing_value_added_pct_gdp,,NV.IND.MANF.ZS,https://api.worldbank.org/v2/country/RUS;CHN;IND;KAZ;TKM/indicator/NV.IND.MANF.ZS?format=json&per_page=20000&date=2019:2024
TKM,Turkmenistan,2019,manufacturing_value_added_pct_gdp,,NV.IND.MANF.ZS,https://api.worldbank.org/v2/country/RUS;CHN;IND;KAZ;TKM/indicator/NV.IND.MANF.ZS?format=json&per_page=20000&date=2019:2024
CHN,China,2024,rail_lines_km,,IS.RRS.TOTL.KM,https://api.worldbank.org/v2/country/RUS;CHN;IND;KAZ;TKM/indicator/IS.RRS.TOTL.KM?format=json&per_page=20000&date=2019:2024
CHN,China,2023,rail_lines_km,,IS.RRS.TOTL.KM,https://api.worldbank.org/v2/country/RUS;CHN;IND;KAZ;TKM/indicator/IS.RRS.TOTL.KM?format=json&per_page=20000&date=2019:2024
CHN,China,2022,rail_lines_km,,IS.RRS.TOTL.KM,https://api.worldbank.org/v2/country/RUS;CHN;IND;KAZ;TKM/indicator/IS.RRS.TOTL.KM?format=json&per_page=20000&date=2019:2024
CHN,China,2021,rail_lines_km,109767.0,IS.RRS.TOTL.KM,https://api.worldbank.org/v2/country/RUS;CHN;IND;KAZ;TKM/indicator/IS.RRS.TOTL.KM?format=json&per_page=20000&date=2019:2024
CHN,China,2020,rail_lines_km,106235.0,IS.RRS.TOTL.KM,https://api.worldbank.org/v2/country/RUS;CHN;IND;KAZ;TKM/indicator/IS.RRS.TOTL.KM?format=json&per_page=20000&date=2019:2024
CHN,China,2019,rail_lines_km,102462.0,IS.RRS.TOTL.KM,https://api.worldbank.org/v2/country/RUS;CHN;IND;KAZ;TKM/indicator/IS.RRS.TOTL.KM?format=json&per_page=20000&date=2019:2024
IND,India,2024,rail_lines_km,,IS.RRS.TOTL.KM,https://api.worldbank.org/v2/country/RUS;CHN;IND;KAZ;TKM/indicator/IS.RRS.TOTL.KM?format=json&per_page=20000&date=2019:2024
IND,India,2023,rail_lines_km,,IS.RRS.TOTL.KM,https://api.worldbank.org/v2/country/RUS;CHN;IND;KAZ;TKM/indicator/IS.RRS.TOTL.KM?format=json&per_page=20000&date=2019:2024
IND,India,2022,rail_lines_km,,IS.RRS.TOTL.KM,https://api.worldbank.org/v2/country/RUS;CHN;IND;KAZ;TKM/indicator/IS.RRS.TOTL.KM?format=json&per_page=20000&date=2019:2024
IND,India,2021,rail_lines_km,68102.73,IS.RRS.TOTL.KM,https://api.worldbank.org/v2/country/RUS;CHN;IND;KAZ;TKM/indicator/IS.RRS.TOTL.KM?format=json&per_page=20000&date=2019:2024
IND,India,2020,rail_lines_km,67955.63,IS.RRS.TOTL.KM,https://api.worldbank.org/v2/country/RUS;CHN;IND;KAZ;TKM/indicator/IS.RRS.TOTL.KM?format=json&per_page=20000&date=2019:2024
IND,India,2019,rail_lines_km,67414.07,IS.RRS.TOTL.KM,https://api.worldbank.org/v2/country/RUS;CHN;IND;KAZ;TKM/indicator/IS.RRS.TOTL.KM?format=json&per_page=20000&date=2019:2024
KAZ,Kazakhstan,2024,rail_lines_km,,IS.RRS.TOTL.KM,https://api.worldbank.org/v2/country/RUS;CHN;IND;KAZ;TKM/indicator/IS.RRS.TOTL.KM?format=json&per_page=20000&date=2019:2024
KAZ,Kazakhstan,2023,rail_lines_km,,IS.RRS.TOTL.KM,https://api.worldbank.org/v2/country/RUS;CHN;IND;KAZ;TKM/indicator/IS.RRS.TOTL.KM?format=json&per_page=20000&date=2019:2024
KAZ,Kazakhstan,2022,rail_lines_km,,IS.RRS.TOTL.KM,https://api.worldbank.org/v2/country/RUS;CHN;IND;KAZ;TKM/indicator/IS.RRS.TOTL.KM?format=json&per_page=20000&date=2019:2024
KAZ,Kazakhstan,2021,rail_lines_km,16005.6,IS.RRS.TOTL.KM,https://api.worldbank.org/v2/country/RUS;CHN;IND;KAZ;TKM/indicator/IS.RRS.TOTL.KM?format=json&per_page=20000&date=2019:2024
KAZ,Kazakhstan,2020,rail_lines_km,16063.0,IS.RRS.TOTL.KM,https://api.worldbank.org/v2/country/RUS;CHN;IND;KAZ;TKM/indicator/IS.RRS.TOTL.KM?format=json&per_page=20000&date=2019:2024
KAZ,Kazakhstan,2019,rail_lines_km,16060.8,IS.RRS.TOTL.KM,https://api.worldbank.org/v2/country/RUS;CHN;IND;KAZ;TKM/indicator/IS.RRS.TOTL.KM?format=json&per_page=20000&date=2019:2024
RUS,Russia,2024,rail_lines_km,,IS.RRS.TOTL.KM,https://api.worldbank.org/v2/country/RUS;CHN;IND;KAZ;TKM/indicator/IS.RRS.TOTL.KM?format=json&per_page=20000&date=2019:2024
RUS,Russia,2023,rail_lines_km,,IS.RRS.TOTL.KM,https://api.worldbank.org/v2/country/RUS;CHN;IND;KAZ;TKM/indicator/IS.RRS.TOTL.KM?format=json&per_page=20000&date=2019:2024
RUS,Russia,2022,rail_lines_km,,IS.RRS.TOTL.KM,https://api.worldbank.org/v2/country/RUS;CHN;IND;KAZ;TKM/indicator/IS.RRS.TOTL.KM?format=json&per_page=20000&date=2019:2024
RUS,Russia,2021,rail_lines_km,85544.0,IS.RRS.TOTL.KM,https://api.worldbank.org/v2/country/RUS;CHN;IND;KAZ;TKM/indicator/IS.RRS.TOTL.KM?format=json&per_page=20000&date=2019:2024
RUS,Russia,2020,rail_lines_km,85555.0,IS.RRS.TOTL.KM,https://api.worldbank.org/v2/country/RUS;CHN;IND;KAZ;TKM/indicator/IS.RRS.TOTL.KM?format=json&per_page=20000&date=2019:2024
RUS,Russia,2019,rail_lines_km,85494.0,IS.RRS.TOTL.KM,https://api.worldbank.org/v2/country/RUS;CHN;IND;KAZ;TKM/indicator/IS.RRS.TOTL.KM?format=json&per_page=20000&date=2019:2024
TKM,Turkmenistan,2024,rail_lines_km,,IS.RRS.TOTL.KM,https://api.worldbank.org/v2/country/RUS;CHN;IND;KAZ;TKM/indicator/IS.RRS.TOTL.KM?format=json&per_page=20000&date=2019:2024
TKM,Turkmenistan,2023,rail_lines_km,,IS.RRS.TOTL.KM,https://api.worldbank.org/v2/country/RUS;CHN;IND;KAZ;TKM/indicator/IS.RRS.TOTL.KM?format=json&per_page=20000&date=2019:2024
TKM,Turkmenistan,2022,rail_lines_km,,IS.RRS.TOTL.KM,https://api.worldbank.org/v2/country/RUS;CHN;IND;KAZ;TKM/indicator/IS.RRS.TOTL.KM?format=json&per_page=20000&date=2019:2024
TKM,Turkmenistan,2021,rail_lines_km,,IS.RRS.TOTL.KM,https://api.worldbank.org/v2/country/RUS;CHN;IND;KAZ;TKM/indicator/IS.RRS.TOTL.KM?format=json&per_page=20000&date=2019:2024
TKM,Turkmenistan,2020,rail_lines_km,,IS.RRS.TOTL.KM,https://api.worldbank.org/v2/country/RUS;CHN;IND;KAZ;TKM/indicator/IS.RRS.TOTL.KM?format=json&per_page=20000&date=2019:2024
TKM,Turkmenistan,2019,rail_lines_km,,IS.RRS.TOTL.KM,https://api.worldbank.org/v2/country/RUS;CHN;IND;KAZ;TKM/indicator/IS.RRS.TOTL.KM?format=json&per_page=20000&date=2019:2024
CHN,China,2024,lpi_overall_score,,LP.LPI.OVRL.XQ,https://api.worldbank.org/v2/country/RUS;CHN;IND;KAZ;TKM/indicator/LP.LPI.OVRL.XQ?format=json&per_page=20000&date=2019:2024
CHN,China,2023,lpi_overall_score,,LP.LPI.OVRL.XQ,https://api.worldbank.org/v2/country/RUS;CHN;IND;KAZ;TKM/indicator/LP.LPI.OVRL.XQ?format=json&per_page=20000&date=2019:2024
CHN,China,2022,lpi_overall_score,3.7,LP.LPI.OVRL.XQ,https://api.worldbank.org/v2/country/RUS;CHN;IND;KAZ;TKM/indicator/LP.LPI.OVRL.XQ?format=json&per_page=20000&date=2019:2024
CHN,China,2021,lpi_overall_score,,LP.LPI.OVRL.XQ,https://api.worldbank.org/v2/country/RUS;CHN;IND;KAZ;TKM/indicator/LP.LPI.OVRL.XQ?format=json&per_page=20000&date=2019:2024
CHN,China,2020,lpi_overall_score,,LP.LPI.OVRL.XQ,https://api.worldbank.org/v2/country/RUS;CHN;IND;KAZ;TKM/indicator/LP.LPI.OVRL.XQ?format=json&per_page=20000&date=2019:2024
CHN,China,2019,lpi_overall_score,,LP.LPI.OVRL.XQ,https://api.worldbank.org/v2/country/RUS;CHN;IND;KAZ;TKM/indicator/LP.LPI.OVRL.XQ?format=json&per_page=20000&date=2019:2024
IND,India,2024,lpi_overall_score,,LP.LPI.OVRL.XQ,https://api.worldbank.org/v2/country/RUS;CHN;IND;KAZ;TKM/indicator/LP.LPI.OVRL.XQ?format=json&per_page=20000&date=2019:2024
IND,India,2023,lpi_overall_score,,LP.LPI.OVRL.XQ,https://api.worldbank.org/v2/country/RUS;CHN;IND;KAZ;TKM/indicator/LP.LPI.OVRL.XQ?format=json&per_page=20000&date=2019:2024
IND,India,2022,lpi_overall_score,3.4,LP.LPI.OVRL.XQ,https://api.worldbank.org/v2/country/RUS;CHN;IND;KAZ;TKM/indicator/LP.LPI.OVRL.XQ?format=json&per_page=20000&date=2019:2024
IND,India,2021,lpi_overall_score,,LP.LPI.OVRL.XQ,https://api.worldbank.org/v2/country/RUS;CHN;IND;KAZ;TKM/indicator/LP.LPI.OVRL.XQ?format=json&per_page=20000&date=2019:2024
IND,India,2020,lpi_overall_score,,LP.LPI.OVRL.XQ,https://api.worldbank.org/v2/country/RUS;CHN;IND;KAZ;TKM/indicator/LP.LPI.OVRL.XQ?format=json&per_page=20000&date=2019:2024
IND,India,2019,lpi_overall_score,,LP.LPI.OVRL.XQ,https://api.worldbank.org/v2/country/RUS;CHN;IND;KAZ;TKM/indicator/LP.LPI.OVRL.XQ?format=json&per_page=20000&date=2019:2024
KAZ,Kazakhstan,2024,lpi_overall_score,,LP.LPI.OVRL.XQ,https://api.worldbank.org/v2/country/RUS;CHN;IND;KAZ;TKM/indicator/LP.LPI.OVRL.XQ?format=json&per_page=20000&date=2019:2024
KAZ,Kazakhstan,2023,lpi_overall_score,,LP.LPI.OVRL.XQ,https://api.worldbank.org/v2/country/RUS;CHN;IND;KAZ;TKM/indicator/LP.LPI.OVRL.XQ?format=json&per_page=20000&date=2019:2024
KAZ,Kazakhstan,2022,lpi_overall_score,2.7,LP.LPI.OVRL.XQ,https://api.worldbank.org/v2/country/RUS;CHN;IND;KAZ;TKM/indicator/LP.LPI.OVRL.XQ?format=json&per_page=20000&date=2019:2024
KAZ,Kazakhstan,2021,lpi_overall_score,,LP.LPI.OVRL.XQ,https://api.worldbank.org/v2/country/RUS;CHN;IND;KAZ;TKM/indicator/LP.LPI.OVRL.XQ?format=json&per_page=20000&date=2019:2024
KAZ,Kazakhstan,2020,lpi_overall_score,,LP.LPI.OVRL.XQ,https://api.worldbank.org/v2/country/RUS;CHN;IND;KAZ;TKM/indicator/LP.LPI.OVRL.XQ?format=json&per_page=20000&date=2019:2024
KAZ,Kazakhstan,2019,lpi_overall_score,,LP.LPI.OVRL.XQ,https://api.worldbank.org/v2/country/RUS;CHN;IND;KAZ;TKM/indicator/LP.LPI.OVRL.XQ?format=json&per_page=20000&date=2019:2024
RUS,Russia,2024,lpi_overall_score,,LP.LPI.OVRL.XQ,https://api.worldbank.org/v2/country/RUS;CHN;IND;KAZ;TKM/indicator/LP.LPI.OVRL.XQ?format=json&per_page=20000&date=2019:2024
RUS,Russia,2023,lpi_overall_score,,LP.LPI.OVRL.XQ,https://api.worldbank.org/v2/country/RUS;CHN;IND;KAZ;TKM/indicator/LP.LPI.OVRL.XQ?format=json&per_page=20000&date=2019:2024
RUS,Russia,2022,lpi_overall_score,2.6,LP.LPI.OVRL.XQ,https://api.worldbank.org/v2/country/RUS;CHN;IND;KAZ;TKM/indicator/LP.LPI.OVRL.XQ?format=json&per_page=20000&date=2019:2024
RUS,Russia,2021,lpi_overall_score,,LP.LPI.OVRL.XQ,https://api.worldbank.org/v2/country/RUS;CHN;IND;KAZ;TKM/indicator/LP.LPI.OVRL.XQ?format=json&per_page=20000&date=2019:2024
RUS,Russia,2020,lpi_overall_score,,LP.LPI.OVRL.XQ,https://api.worldbank.org/v2/country/RUS;CHN;IND;KAZ;TKM/indicator/LP.LPI.OVRL.XQ?format=json&per_page=20000&date=2019:2024
RUS,Russia,2019,lpi_overall_score,,LP.LPI.OVRL.XQ,https://api.worldbank.org/v2/country/RUS;CHN;IND;KAZ;TKM/indicator/LP.LPI.OVRL.XQ?format=json&per_page=20000&date=2019:2024
TKM,Turkmenistan,2024,lpi_overall_score,,LP.LPI.OVRL.XQ,https://api.worldbank.org/v2/country/RUS;CHN;IND;KAZ;TKM/indicator/LP.LPI.OVRL.XQ?format=json&per_page=20000&date=2019:2024
TKM,Turkmenistan,2023,lpi_overall_score,,LP.LPI.OVRL.XQ,https://api.worldbank.org/v2/country/RUS;CHN;IND;KAZ;TKM/indicator/LP.LPI.OVRL.XQ?format=json&per_page=20000&date=2019:2024
TKM,Turkmenistan,2022,lpi_overall_score,,LP.LPI.OVRL.XQ,https://api.worldbank.org/v2/country/RUS;CHN;IND;KAZ;TKM/indicator/LP.LPI.OVRL.XQ?format=json&per_page=20000&date=2019:2024
TKM,Turkmenistan,2021,lpi_overall_score,,LP.LPI.OVRL.XQ,https://api.worldbank.org/v2/country/RUS;CHN;IND;KAZ;TKM/indicator/LP.LPI.OVRL.XQ?format=json&per_page=20000&date=2019:2024
TKM,Turkmenistan,2020,lpi_overall_score,,LP.LPI.OVRL.XQ,https://api.worldbank.org/v2/country/RUS;CHN;IND;KAZ;TKM/indicator/LP.LPI.OVRL.XQ?format=json&per_page=20000&date=2019:2024
TKM,Turkmenistan,2019,lpi_overall_score,,LP.LPI.OVRL.XQ,https://api.worldbank.org/v2/country/RUS;CHN;IND;KAZ;TKM/indicator/LP.LPI.OVRL.XQ?format=json&per_page=20000&date=2019:2024
CHN,China,2024,exports_goods_services_usd,3753056083349.04,NE.EXP.GNFS.CD,https://api.worldbank.org/v2/country/RUS;CHN;IND;KAZ;TKM/indicator/NE.EXP.GNFS.CD?format=json&per_page=20000&date=2019:2024
CHN,China,2023,exports_goods_services_usd,3490089712362.99,NE.EXP.GNFS.CD,https://api.worldbank.org/v2/country/RUS;CHN;IND;KAZ;TKM/indicator/NE.EXP.GNFS.CD?format=json&per_page=20000&date=2019:2024
CHN,China,2022,exports_goods_services_usd,3717887818646.97,NE.EXP.GNFS.CD,https://api.worldbank.org/v2/country/RUS;CHN;IND;KAZ;TKM/indicator/NE.EXP.GNFS.CD?format=json&per_page=20000&date=2019:2024
CHN,China,2021,exports_goods_services_usd,3554107780957.44,NE.EXP.GNFS.CD,https://api.worldbank.org/v2/country/RUS;CHN;IND;KAZ;TKM/indicator/NE.EXP.GNFS.CD?format=json&per_page=20000&date=2019:2024
CHN,China,2020,exports_goods_services_usd,2729884575163.89,NE.EXP.GNFS.CD,https://api.worldbank.org/v2/country/RUS;CHN;IND;KAZ;TKM/indicator/NE.EXP.GNFS.CD?format=json&per_page=20000&date=2019:2024
CHN,China,2019,exports_goods_services_usd,2628941104657.6,NE.EXP.GNFS.CD,https://api.worldbank.org/v2/country/RUS;CHN;IND;KAZ;TKM/indicator/NE.EXP.GNFS.CD?format=json&per_page=20000&date=2019:2024
IND,India,2024,exports_goods_services_usd,827405227198.603,NE.EXP.GNFS.CD,https://api.worldbank.org/v2/country/RUS;CHN;IND;KAZ;TKM/indicator/NE.EXP.GNFS.CD?format=json&per_page=20000&date=2019:2024
IND,India,2023,exports_goods_services_usd,780408530088.596,NE.EXP.GNFS.CD,https://api.worldbank.org/v2/country/RUS;CHN;IND;KAZ;TKM/indicator/NE.EXP.GNFS.CD?format=json&per_page=20000&date=2019:2024
IND,India,2022,exports_goods_services_usd,778021514754.531,NE.EXP.GNFS.CD,https://api.worldbank.org/v2/country/RUS;CHN;IND;KAZ;TKM/indicator/NE.EXP.GNFS.CD?format=json&per_page=20000&date=2019:2024
IND,India,2021,exports_goods_services_usd,677769255428.552,NE.EXP.GNFS.CD,https://api.worldbank.org/v2/country/RUS;CHN;IND;KAZ;TKM/indicator/NE.EXP.GNFS.CD?format=json&per_page=20000&date=2019:2024
IND,India,2020,exports_goods_services_usd,499728529072.629,NE.EXP.GNFS.CD,https://api.worldbank.org/v2/country/RUS;CHN;IND;KAZ;TKM/indicator/NE.EXP.GNFS.CD?format=json&per_page=20000&date=2019:2024
IND,India,2019,exports_goods_services_usd,529245063167.215,NE.EXP.GNFS.CD,https://api.worldbank.org/v2/country/RUS;CHN;IND;KAZ;TKM/indicator/NE.EXP.GNFS.CD?format=json&per_page=20000&date=2019:2024
KAZ,Kazakhstan,2024,exports_goods_services_usd,92070351467.3348,NE.EXP.GNFS.CD,https://api.worldbank.org/v2/country/RUS;CHN;IND;KAZ;TKM/indicator/NE.EXP.GNFS.CD?format=json&per_page=20000&date=2019:2024
KAZ,Kazakhstan,2023,exports_goods_services_usd,90729107011.7173,NE.EXP.GNFS.CD,https://api.worldbank.org/v2/country/RUS;CHN;IND;KAZ;TKM/indicator/NE.EXP.GNFS.CD?format=json&per_page=20000&date=2019:2024
KAZ,Kazakhstan,2022,exports_goods_services_usd,93736589049.58,NE.EXP.GNFS.CD,https://api.worldbank.org/v2/country/RUS;CHN;IND;KAZ;TKM/indicator/NE.EXP.GNFS.CD?format=json&per_page=20000&date=2019:2024
KAZ,Kazakhstan,2021,exports_goods_services_usd,66318146545.9049,NE.EXP.GNFS.CD,https://api.worldbank.org/v2/country/RUS;CHN;IND;KAZ;TKM/indicator/NE.EXP.GNFS.CD?format=json&per_page=20000&date=2019:2024
KAZ,Kazakhstan,2020,exports_goods_services_usd,52229576023.3033,NE.EXP.GNFS.CD,https://api.worldbank.org/v2/country/RUS;CHN;IND;KAZ;TKM/indicator/NE.EXP.GNFS.CD?format=json&per_page=20000&date=2019:2024
KAZ,Kazakhstan,2019,exports_goods_services_usd,66197682052.4286,NE.EXP.GNFS.CD,https://api.worldbank.org/v2/country/RUS;CHN;IND;KAZ;TKM/indicator/NE.EXP.GNFS.CD?format=json&per_page=20000&date=2019:2024
RUS,Russia,2024,exports_goods_services_usd,476430904566.737,NE.EXP.GNFS.CD,https://api.worldbank.org/v2/country/RUS;CHN;IND;KAZ;TKM/indicator/NE.EXP.GNFS.CD?format=json&per_page=20000&date=2019:2024
RUS,Russia,2023,exports_goods_services_usd,465937815839.194,NE.EXP.GNFS.CD,https://api.worldbank.org/v2/country/RUS;CHN;IND;KAZ;TKM/indicator/NE.EXP.GNFS.CD?format=json&per_page=20000&date=2019:2024
RUS,Russia,2022,exports_goods_services_usd,635241831700.755,NE.EXP.GNFS.CD,https://api.worldbank.org/v2/country/RUS;CHN;IND;KAZ;TKM/indicator/NE.EXP.GNFS.CD?format=json&per_page=20000&date=2019:2024
RUS,Russia,2021,exports_goods_services_usd,548800273711.107,NE.EXP.GNFS.CD,https://api.worldbank.org/v2/country/RUS;CHN;IND;KAZ;TKM/indicator/NE.EXP.GNFS.CD?format=json&per_page=20000&date=2019:2024
RUS,Russia,2020,exports_goods_services_usd,381065599584.428,NE.EXP.GNFS.CD,https://api.worldbank.org/v2/country/RUS;CHN;IND;KAZ;TKM/indicator/NE.EXP.GNFS.CD?format=json&per_page=20000&date=2019:2024
RUS,Russia,2019,exports_goods_services_usd,481410680627.341,NE.EXP.GNFS.CD,https://api.worldbank.org/v2/country/RUS;CHN;IND;KAZ;TKM/indicator/NE.EXP.GNFS.CD?format=json&per_page=20000&date=2019:2024
TKM,Turkmenistan,2024,exports_goods_services_usd,9030077768.28084,NE.EXP.GNFS.CD,https://api.worldbank.org/v2/country/RUS;CHN;IND;KAZ;TKM/indicator/NE.EXP.GNFS.CD?format=json&per_page=20000&date=2019:2024
TKM,Turkmenistan,2023,exports_goods_services_usd,9924474193.28215,NE.EXP.GNFS.CD,https://api.worldbank.org/v2/country/RUS;CHN;IND;KAZ;TKM/indicator/NE.EXP.GNFS.CD?format=json&per_page=20000&date=2019:2024
TKM,Turkmenistan,2022,exports_goods_services_usd,10500003956.3344,NE.EXP.GNFS.CD,https://api.worldbank.org/v2/country/RUS;CHN;IND;KAZ;TKM/indicator/NE.EXP.GNFS.CD?format=json&per_page=20000&date=2019:2024
TKM,Turkmenistan,2021,exports_goods_services_usd,8345505967.82012,NE.EXP.GNFS.CD,https://api.worldbank.org/v2/country/RUS;CHN;IND;KAZ;TKM/indicator/NE.EXP.GNFS.CD?format=json&per_page=20000&date=2019:2024
TKM,Turkmenistan,2020,exports_goods_services_usd,7396628171.19745,NE.EXP.GNFS.CD,https://api.worldbank.org/v2/country/RUS;CHN;IND;KAZ;TKM/indicator/NE.EXP.GNFS.CD?format=json&per_page=20000&date=2019:2024
TKM,Turkmenistan,2019,exports_goods_services_usd,10093799271.5652,NE.EXP.GNFS.CD,https://api.worldbank.org/v2/country/RUS;CHN;IND;KAZ;TKM/indicator/NE.EXP.GNFS.CD?format=json&per_page=20000&date=2019:2024
CHN,China,2024,imports_goods_services_usd,3219342570126.17,NE.IMP.GNFS.CD,https://api.worldbank.org/v2/country/RUS;CHN;IND;KAZ;TKM/indicator/NE.IMP.GNFS.CD?format=json&per_page=20000&date=2019:2024
CHN,China,2023,imports_goods_services_usd,3106457704279.42,NE.IMP.GNFS.CD,https://api.worldbank.org/v2/country/RUS;CHN;IND;KAZ;TKM/indicator/NE.IMP.GNFS.CD?format=json&per_page=20000&date=2019:2024
CHN,China,2022,imports_goods_services_usd,3140040863536.23,NE.IMP.GNFS.CD,https://api.worldbank.org/v2/country/RUS;CHN;IND;KAZ;TKM/indicator/NE.IMP.GNFS.CD?format=json&per_page=20000&date=2019:2024
CHN,China,2021,imports_goods_services_usd,3093278397249.18,NE.IMP.GNFS.CD,https://api.worldbank.org/v2/country/RUS;CHN;IND;KAZ;TKM/indicator/NE.IMP.GNFS.CD?format=json&per_page=20000&date=2019:2024
CHN,China,2020,imports_goods_services_usd,2374737462777.69,NE.IMP.GNFS.CD,https://api.worldbank.org/v2/country/RUS;CHN;IND;KAZ;TKM/indicator/NE.IMP.GNFS.CD?format=json&per_page=20000&date=2019:2024
CHN,China,2019,imports_goods_services_usd,2496153305902.9,NE.IMP.GNFS.CD,https://api.worldbank.org/v2/country/RUS;CHN;IND;KAZ;TKM/indicator/NE.IMP.GNFS.CD?format=json&per_page=20000&date=2019:2024
IND,India,2024,imports_goods_services_usd,918333719557.771,NE.IMP.GNFS.CD,https://api.worldbank.org/v2/country/RUS;CHN;IND;KAZ;TKM/indicator/NE.IMP.GNFS.CD?format=json&per_page=20000&date=2019:2024
IND,India,2023,imports_goods_services_usd,856651130547.122,NE.IMP.GNFS.CD,https://api.worldbank.org/v2/country/RUS;CHN;IND;KAZ;TKM/indicator/NE.IMP.GNFS.CD?format=json&per_page=20000&date=2019:2024
IND,India,2022,imports_goods_services_usd,897550749081.828,NE.IMP.GNFS.CD,https://api.worldbank.org/v2/country/RUS;CHN;IND;KAZ;TKM/indicator/NE.IMP.GNFS.CD?format=json&per_page=20000&date=2019:2024
IND,India,2021,imports_goods_services_usd,760902891806.013,NE.IMP.GNFS.CD,https://api.worldbank.org/v2/country/RUS;CHN;IND;KAZ;TKM/indicator/NE.IMP.GNFS.CD?format=json&per_page=20000&date=2019:2024
IND,India,2020,imports_goods_services_usd,510244747372.174,NE.IMP.GNFS.CD,https://api.worldbank.org/v2/country/RUS;CHN;IND;KAZ;TKM/indicator/NE.IMP.GNFS.CD?format=json&per_page=20000&date=2019:2024
IND,India,2019,imports_goods_services_usd,602315056052.526,NE.IMP.GNFS.CD,https://api.worldbank.org/v2/country/RUS;CHN;IND;KAZ;TKM/indicator/NE.IMP.GNFS.CD?format=json&per_page=20000&date=2019:2024
KAZ,Kazakhstan,2024,imports_goods_services_usd,74543688674.4676,NE.IMP.GNFS.CD,https://api.worldbank.org/v2/country/RUS;CHN;IND;KAZ;TKM/indicator/NE.IMP.GNFS.CD?format=json&per_page=20000&date=2019:2024
KAZ,Kazakhstan,2023,imports_goods_services_usd,72487044600.0899,NE.IMP.GNFS.CD,https://api.worldbank.org/v2/country/RUS;CHN;IND;KAZ;TKM/indicator/NE.IMP.GNFS.CD?format=json&per_page=20000&date=2019:2024
KAZ,Kazakhstan,2022,imports_goods_services_usd,60354782089.0333,NE.IMP.GNFS.CD,https://api.worldbank.org/v2/country/RUS;CHN;IND;KAZ;TKM/indicator/NE.IMP.GNFS.CD?format=json&per_page=20000&date=2019:2024
KAZ,Kazakhstan,2021,imports_goods_services_usd,49324871010.7242,NE.IMP.GNFS.CD,https://api.worldbank.org/v2/country/RUS;CHN;IND;KAZ;TKM/indicator/NE.IMP.GNFS.CD?format=json&per_page=20000&date=2019:2024
KAZ,Kazakhstan,2020,imports_goods_services_usd,45332610743.2096,NE.IMP.GNFS.CD,https://api.worldbank.org/v2/country/RUS;CHN;IND;KAZ;TKM/indicator/NE.IMP.GNFS.CD?format=json&per_page=20000&date=2019:2024
KAZ,Kazakhstan,2019,imports_goods_services_usd,51629140772.7225,NE.IMP.GNFS.CD,https://api.worldbank.org/v2/country/RUS;CHN;IND;KAZ;TKM/indicator/NE.IMP.GNFS.CD?format=json&per_page=20000&date=2019:2024
RUS,Russia,2024,imports_goods_services_usd,382411727676.268,NE.IMP.GNFS.CD,https://api.worldbank.org/v2/country/RUS;CHN;IND;KAZ;TKM/indicator/NE.IMP.GNFS.CD?format=json&per_page=20000&date=2019:2024
RUS,Russia,2023,imports_goods_services_usd,379947593532.553,NE.IMP.GNFS.CD,https://api.worldbank.org/v2/country/RUS;CHN;IND;KAZ;TKM/indicator/NE.IMP.GNFS.CD?format=json&per_page=20000&date=2019:2024
RUS,Russia,2022,imports_goods_services_usd,345173687961.946,NE.IMP.GNFS.CD,https://api.worldbank.org/v2/country/RUS;CHN;IND;KAZ;TKM/indicator/NE.IMP.GNFS.CD?format=json&per_page=20000&date=2019:2024
RUS,Russia,2021,imports_goods_services_usd,376515695621.301,NE.IMP.GNFS.CD,https://api.worldbank.org/v2/country/RUS;CHN;IND;KAZ;TKM/indicator/NE.IMP.GNFS.CD?format=json&per_page=20000&date=2019:2024
RUS,Russia,2020,imports_goods_services_usd,305255226176.837,NE.IMP.GNFS.CD,https://api.worldbank.org/v2/country/RUS;CHN;IND;KAZ;TKM/indicator/NE.IMP.GNFS.CD?format=json&per_page=20000&date=2019:2024
RUS,Russia,2019,imports_goods_services_usd,352088733268.664,NE.IMP.GNFS.CD,https://api.worldbank.org/v2/country/RUS;CHN;IND;KAZ;TKM/indicator/NE.IMP.GNFS.CD?format=json&per_page=20000&date=2019:2024
TKM,Turkmenistan,2024,imports_goods_services_usd,5735835360.68585,NE.IMP.GNFS.CD,https://api.worldbank.org/v2/country/RUS;CHN;IND;KAZ;TKM/indicator/NE.IMP.GNFS.CD?format=json&per_page=20000&date=2019:2024
TKM,Turkmenistan,2023,imports_goods_services_usd,5725230206.32391,NE.IMP.GNFS.CD,https://api.worldbank.org/v2/country/RUS;CHN;IND;KAZ;TKM/indicator/NE.IMP.GNFS.CD?format=json&per_page=20000&date=2019:2024
TKM,Turkmenistan,2022,imports_goods_services_usd,5269577516.72563,NE.IMP.GNFS.CD,https://api.worldbank.org/v2/country/RUS;CHN;IND;KAZ;TKM/indicator/NE.IMP.GNFS.CD?format=json&per_page=20000&date=2019:2024
TKM,Turkmenistan,2021,imports_goods_services_usd,5072752618.08236,NE.IMP.GNFS.CD,https://api.worldbank.org/v2/country/RUS;CHN;IND;KAZ;TKM/indicator/NE.IMP.GNFS.CD?format=json&per_page=20000&date=2019:2024
TKM,Turkmenistan,2020,imports_goods_services_usd,7520617143.86599,NE.IMP.GNFS.CD,https://api.worldbank.org/v2/country/RUS;CHN;IND;KAZ;TKM/indicator/NE.IMP.GNFS.CD?format=json&per_page=20000&date=2019:2024
TKM,Turkmenistan,2019,imports_goods_services_usd,7979249244.12059,NE.IMP.GNFS.CD,https://api.worldbank.org/v2/country/RUS;CHN;IND;KAZ;TKM/indicator/NE.IMP.GNFS.CD?format=json&per_page=20000&date=2019:2024
