ActivityID,RelatedID,Type,Date
ACT-D6E266AA,OPP-BC6E3D0A,Site Visit,2026-05-25
ACT-AA815D9D,OPP-9AD7AF1C,Meeting,2026-06-13
ACT-5BACC0DF,OPP-9AD7AF1C,Email,2026-06-18
ACT-49B216ED,OPP-76EFB180,Meeting,2026-06-06
ACT-ECD3DDD7,OPP-76EFB180,Call,2026-05-29
ACT-624A7E5C,OPP-AA02F016,Email,2026-06-07
ACT-613F957E,OPP-26CACACB,Call,2026-05-06
ACT-1DF574A8,OPP-26CACACB,Site Visit,2026-06-02
ACT-3C5F893C,OPP-26CACACB,Email,2026-05-15
ACT-B267F816,OPP-64840315,Site Visit,2026-06-07
ACT-F9D12840,OPP-64840315,Site Visit,2026-06-07
ACT-28C01A37,OPP-64840315,Call,2026-06-04
ACT-6D40762C,OPP-DB1D5CAE,Site Visit,2026-06-17
ACT-97F7E199,OPP-DB1D5CAE,Email,2026-05-14
ACT-E75300FA,OPP-9D5539D7,Site Visit,2026-05-24
ACT-E91FBE83,OPP-9D5539D7,Meeting,2026-05-13
ACT-8500B614,OPP-9D5539D7,Site Visit,2026-06-08
ACT-9A86B77A,OPP-7A325E24,Site Visit,2026-05-17
ACT-05A1E8E6,OPP-6A0621BB,Site Visit,2026-06-22
ACT-2C408CEB,OPP-6A0621BB,Meeting,2026-05-29
ACT-34931C16,OPP-6A0621BB,Email,2026-05-04
ACT-23CD31DE,OPP-6A0621BB,Call,2026-06-17
ACT-970C9F1D,OPP-04E38CF7,Email,2026-06-26
ACT-F8143823,OPP-04E38CF7,Call,2026-05-12
ACT-DC186549,OPP-770AC4FD,Email,2026-06-17
ACT-089E3E10,OPP-770AC4FD,Site Visit,2026-05-23
ACT-88C4D56A,OPP-770AC4FD,Email,2026-06-05
ACT-79E9D23A,OPP-770AC4FD,Site Visit,2026-05-06
ACT-78F9BAE7,OPP-D3F43D87,Call,2026-06-26
ACT-2DD29371,OPP-D3F43D87,Site Visit,2026-06-01
ACT-5CD90736,OPP-D3F43D87,Site Visit,2026-05-24
ACT-CDB42910,OPP-52CF5E52,Email,2026-06-03
ACT-38F53CAA,OPP-52CF5E52,Email,2026-06-14
ACT-062A6BD7,OPP-52CF5E52,Meeting,2026-05-05
ACT-E8FEC66C,OPP-2A87EDB1,Email,2026-06-16
ACT-307774E4,OPP-2A87EDB1,Meeting,2026-05-28
ACT-830BDDD8,OPP-2A87EDB1,Site Visit,2026-06-15
ACT-42F829B8,OPP-E799035D,Meeting,2026-05-16
ACT-2A3A6322,OPP-E799035D,Meeting,2026-06-19
ACT-E07C2771,OPP-E799035D,Call,2026-06-07
ACT-F3625C6D,OPP-F6C32D27,Site Visit,2026-06-28
ACT-59CD17D5,OPP-36F9EF7E,Meeting,2026-05-04
ACT-050EB4CF,OPP-36F9EF7E,Call,2026-06-09
ACT-4CB56349,OPP-36F9EF7E,Email,2026-05-17
ACT-3FE7B623,OPP-36F9EF7E,Call,2026-05-16
ACT-64A77FD0,OPP-7B52C828,Email,2026-06-07
ACT-98299AB0,OPP-7B52C828,Email,2026-06-23
ACT-CE0B804B,OPP-279FA06D,Site Visit,2026-06-08
ACT-5436874C,OPP-279FA06D,Site Visit,2026-06-25
ACT-873903F2,OPP-279FA06D,Meeting,2026-05-07
ACT-C3FC109A,OPP-105006AD,Email,2026-05-06
ACT-7DF0F78D,OPP-A8AB9E17,Email,2026-05-22
ACT-C7D0228E,OPP-A8AB9E17,Call,2026-06-24
ACT-0D5A5058,OPP-A8AB9E17,Email,2026-06-08
ACT-8C46074C,OPP-A8AB9E17,Meeting,2026-06-20
ACT-05294ED1,OPP-6ABE80F6,Email,2026-05-10
ACT-9F781C65,OPP-6ABE80F6,Site Visit,2026-06-01
ACT-219565FA,OPP-C4A00036,Meeting,2026-05-07
ACT-A8DF3484,OPP-C4A00036,Call,2026-05-08
ACT-3BD2E6FE,OPP-C4A00036,Meeting,2026-06-02
ACT-E617EC3D,OPP-444951EF,Email,2026-05-19
ACT-9ABFB7B4,OPP-444951EF,Site Visit,2026-05-11
ACT-9B0B1F74,OPP-FA6B0E2C,Email,2026-05-26
ACT-1676A3A5,OPP-FA6B0E2C,Email,2026-06-22
ACT-74D59A0C,OPP-FA6B0E2C,Site Visit,2026-05-30
ACT-CCCAFE8B,OPP-FA6B0E2C,Site Visit,2026-05-25
ACT-BF0AB485,OPP-02BB9C14,Email,2026-06-15
ACT-85589B6B,OPP-02BB9C14,Call,2026-05-04
ACT-E18EE4C1,OPP-70CB59A0,Meeting,2026-05-02
ACT-30B64146,OPP-70CB59A0,Site Visit,2026-05-18
ACT-96813CF8,OPP-70CB59A0,Meeting,2026-05-17
ACT-E1BD35FF,OPP-70CB59A0,Site Visit,2026-06-01
ACT-5559FB63,OPP-5CB90C48,Call,2026-05-02
ACT-482A28E2,OPP-5CB90C48,Site Visit,2026-06-12
ACT-6D7F414A,OPP-DBC0E910,Site Visit,2026-05-24
ACT-1163D2A9,OPP-DBC0E910,Call,2026-05-27
ACT-E3A6545B,OPP-DBC0E910,Email,2026-06-17
ACT-050104BD,OPP-9539ED30,Meeting,2026-05-26
ACT-9A185567,OPP-9539ED30,Call,2026-06-20
ACT-D266A6B1,OPP-9539ED30,Email,2026-05-16
ACT-57B27834,OPP-9539ED30,Call,2026-06-06
ACT-9EBE89C3,OPP-9B5ED33B,Call,2026-05-25
ACT-4456D29F,OPP-9B5ED33B,Site Visit,2026-06-08
ACT-90CBF16D,OPP-01879923,Call,2026-06-20
ACT-829C0468,OPP-01879923,Meeting,2026-05-28
ACT-3D0D0C39,OPP-01879923,Email,2026-06-23
ACT-EE3A81B4,OPP-01879923,Call,2026-05-01
ACT-F32EE845,OPP-4A9E18FA,Meeting,2026-05-10
ACT-B99AE364,OPP-71B8B144,Email,2026-05-07
ACT-D423A59C,OPP-71B8B144,Call,2026-05-09
ACT-0DD895EF,OPP-71B8B144,Meeting,2026-06-23
ACT-96B0C931,OPP-71B8B144,Meeting,2026-06-15
ACT-5F95B0B0,OPP-866D0458,Email,2026-05-23
ACT-82677D6A,OPP-0CEDCFAE,Call,2026-05-28
ACT-D047A3A4,OPP-0CEDCFAE,Site Visit,2026-05-08
ACT-756B282A,OPP-0CEDCFAE,Email,2026-05-04
ACT-551561A1,OPP-0CEDCFAE,Meeting,2026-06-21
ACT-7227A923,OPP-0F78D1C2,Site Visit,2026-05-29
ACT-7E9E5A81,OPP-0F78D1C2,Email,2026-06-10
ACT-A0A08B77,OPP-7060CE70,Site Visit,2026-05-22
ACT-127A3568,OPP-7060CE70,Email,2026-06-02
ACT-53A857A4,OPP-7060CE70,Meeting,2026-06-27
ACT-A296D662,OPP-7060CE70,Site Visit,2026-06-02
ACT-43B4E950,OPP-C9DB49C5,Email,2026-06-29
ACT-FFBE9648,OPP-C9DB49C5,Site Visit,2026-05-20
ACT-877C0E82,OPP-584DA21F,Meeting,2026-06-28
ACT-880E97AB,OPP-584DA21F,Meeting,2026-06-25
ACT-228FE50E,OPP-6D0DB5C7,Site Visit,2026-06-10
ACT-435EA65F,OPP-6D0DB5C7,Call,2026-05-07
ACT-CFBB50F2,OPP-E1C3B852,Email,2026-05-01
ACT-00A6C860,OPP-E1C3B852,Call,2026-06-13
ACT-60CD9EE8,OPP-E1C3B852,Site Visit,2026-06-29
ACT-91CED629,OPP-37C6FDD2,Email,2026-06-26
ACT-D76529E3,OPP-37C6FDD2,Meeting,2026-06-25
ACT-F57093E9,OPP-37C6FDD2,Call,2026-06-02
ACT-D2FDE8A5,OPP-37C6FDD2,Email,2026-05-06
ACT-0CB8ED6E,OPP-893C3430,Meeting,2026-05-15
ACT-66E1EC6E,OPP-893C3430,Site Visit,2026-06-10
ACT-9DAFAF1A,OPP-893C3430,Email,2026-05-24
ACT-146AC2AA,OPP-893C3430,Call,2026-05-13
ACT-90308767,OPP-C977D6F8,Meeting,2026-06-15
ACT-DD3C1DB8,OPP-79E0E237,Email,2026-06-24
ACT-D465529A,OPP-F4B8BAD5,Meeting,2026-06-09
ACT-4F9044C7,OPP-F4B8BAD5,Call,2026-06-23
ACT-60EC129F,OPP-F4B8BAD5,Meeting,2026-05-31
ACT-C932C2C9,OPP-F4B8BAD5,Email,2026-05-03
ACT-D949E2F3,OPP-8A29DCC4,Call,2026-06-14
ACT-C5FBB0EB,OPP-C4E9CE83,Site Visit,2026-05-26
ACT-59EEDE9C,OPP-1F77B1E1,Call,2026-06-12
ACT-A0753BEA,OPP-D205C1A0,Call,2026-05-06
ACT-5350ACB8,OPP-D205C1A0,Call,2026-06-05
ACT-4F8B2AFB,OPP-D205C1A0,Email,2026-05-31
ACT-9CC6270E,OPP-AF34B7FA,Email,2026-05-12
ACT-2F0F3EA6,OPP-AF34B7FA,Call,2026-05-06
ACT-7A763D41,OPP-AF34B7FA,Meeting,2026-06-26
ACT-500ECA2A,OPP-AF34B7FA,Call,2026-05-19
ACT-009DAA09,OPP-43D44E29,Call,2026-05-07
ACT-00DB865A,OPP-43D44E29,Email,2026-05-06
ACT-C7A61C91,OPP-43D44E29,Meeting,2026-05-25
ACT-B98F2B33,OPP-43D44E29,Meeting,2026-06-19
ACT-3938BC6D,OPP-BF4FC889,Site Visit,2026-05-06
ACT-54EEE1C0,OPP-BF4FC889,Site Visit,2026-06-29
ACT-AC07DD76,OPP-BF4FC889,Call,2026-05-15
ACT-6ED1470A,OPP-DD2D02F8,Email,2026-05-24
ACT-3166680A,OPP-6E0270E5,Email,2026-05-08
ACT-A00DE12A,OPP-4D44A60A,Call,2026-06-24
ACT-9846CC46,OPP-EE797A5D,Site Visit,2026-06-22
ACT-6BC6B910,OPP-EE797A5D,Call,2026-06-14
ACT-9A91CE19,OPP-E26416D3,Email,2026-05-26
ACT-05423F4E,OPP-1E3187E5,Call,2026-06-21
ACT-D5B015C6,OPP-1E3187E5,Meeting,2026-05-31
ACT-DE805DBF,OPP-1E3187E5,Site Visit,2026-06-11
ACT-7DFA1D6A,OPP-53948E78,Call,2026-06-03
ACT-D17B34CF,OPP-53948E78,Site Visit,2026-05-20
ACT-1DA19405,OPP-53948E78,Email,2026-06-02
ACT-32894AA8,OPP-084EE854,Site Visit,2026-06-02
ACT-D6DA0A50,OPP-084EE854,Meeting,2026-05-22
ACT-420A03D7,OPP-084EE854,Site Visit,2026-05-29
ACT-37C08C39,OPP-084EE854,Site Visit,2026-06-29
ACT-DB702142,OPP-25E239F9,Email,2026-05-23
ACT-A3489E39,OPP-25E239F9,Meeting,2026-06-20
ACT-AF2DF651,OPP-92A3E628,Email,2026-06-20
ACT-E5B2DFD8,OPP-25FC5200,Meeting,2026-06-11
ACT-4850B7E1,OPP-CF625B76,Email,2026-05-25
ACT-9571D3CC,OPP-C4CEE2B5,Email,2026-06-20
ACT-FFC1FA4E,OPP-C4CEE2B5,Email,2026-06-17
ACT-730E0570,OPP-C4CEE2B5,Meeting,2026-06-17
ACT-5E7B7FE4,OPP-BA554352,Call,2026-06-21
ACT-37830D0E,OPP-BA554352,Email,2026-06-24
ACT-DE067684,OPP-BA554352,Email,2026-06-17
ACT-3F1C1BC4,OPP-07DCD5C8,Site Visit,2026-06-14
ACT-C2DB62A5,OPP-07DCD5C8,Call,2026-06-05
ACT-45A0A5A5,OPP-07DCD5C8,Call,2026-05-19
ACT-D970D6BE,OPP-07DCD5C8,Email,2026-05-09
ACT-6134FB4D,OPP-54B8584C,Site Visit,2026-06-07
ACT-198ED75E,OPP-54B8584C,Email,2026-05-07
ACT-874B907E,OPP-1BAA934D,Email,2026-05-23
ACT-B0341464,OPP-1BAA934D,Email,2026-06-11
ACT-D88D7A9B,OPP-1BAA934D,Call,2026-06-16
ACT-ED271360,OPP-1BAA934D,Email,2026-05-25
ACT-924572C4,OPP-53C46B32,Site Visit,2026-06-05
ACT-07471283,OPP-53C46B32,Site Visit,2026-06-10
ACT-13D23BC6,OPP-53C46B32,Call,2026-06-23
ACT-2E6708AC,OPP-F3D2A326,Call,2026-05-09
ACT-AE5838F8,OPP-F3D2A326,Meeting,2026-05-20
ACT-E0DB3311,OPP-8DC0E64A,Call,2026-06-24
ACT-B255600D,OPP-8DC0E64A,Meeting,2026-05-17
ACT-6D855925,OPP-8DC0E64A,Site Visit,2026-06-17
ACT-11B81897,OPP-8DC0E64A,Call,2026-06-15
ACT-0D3460D4,OPP-9066394B,Site Visit,2026-05-23
ACT-28C00EE5,OPP-9066394B,Call,2026-06-18
ACT-E2E7C47B,OPP-9066394B,Call,2026-05-15
ACT-6CB45D43,OPP-9066394B,Site Visit,2026-05-06
ACT-A0596A13,OPP-8BDA12A6,Call,2026-06-08
ACT-0D893BE2,OPP-8BDA12A6,Email,2026-06-08
ACT-F48490CB,OPP-42F5E908,Call,2026-05-28
ACT-EB3E18A5,OPP-F37B461D,Meeting,2026-05-18
ACT-143F6052,OPP-F37B461D,Email,2026-06-06
ACT-3446B17E,OPP-F37B461D,Meeting,2026-06-20
ACT-D830D590,OPP-7E8DA295,Call,2026-05-03
ACT-C49EFF1F,OPP-743C33E8,Site Visit,2026-06-25
ACT-B3410DE0,OPP-743C33E8,Email,2026-06-20
ACT-2CF3984A,OPP-A2070C9D,Email,2026-06-03
ACT-08EC9F30,OPP-A8055103,Call,2026-06-05
ACT-54807CE2,OPP-A8055103,Meeting,2026-05-03
ACT-9A6B5655,OPP-A8055103,Email,2026-06-07
ACT-E8EFAC58,OPP-A8055103,Email,2026-06-06
ACT-2EFC780A,OPP-7D2EABBE,Meeting,2026-06-27
ACT-B6F79809,OPP-7D2EABBE,Email,2026-05-01
ACT-0632AB06,OPP-D79DAD39,Email,2026-06-17
ACT-8549CD42,OPP-D79DAD39,Site Visit,2026-05-12
ACT-3AA49632,OPP-0CA028CA,Site Visit,2026-05-09
ACT-916CC49D,OPP-0CA028CA,Meeting,2026-06-10
ACT-FF561CA3,OPP-0CA028CA,Email,2026-06-09
ACT-4AE88197,OPP-2AE6DF9B,Site Visit,2026-05-28
ACT-B0DF1C41,OPP-2AE6DF9B,Site Visit,2026-06-15
ACT-32E4D7AE,OPP-2AE6DF9B,Call,2026-06-10
ACT-C113BF70,OPP-2AE6DF9B,Meeting,2026-06-08
ACT-7CCEA0B6,OPP-B0917F09,Call,2026-06-16
ACT-8BA71C68,OPP-47290694,Site Visit,2026-06-13
ACT-F96E579B,OPP-47290694,Site Visit,2026-06-06
ACT-B44447CB,OPP-47290694,Call,2026-05-31
ACT-A29BF6A2,OPP-47290694,Call,2026-06-13
ACT-AE616731,OPP-D082DAE6,Site Visit,2026-05-28
ACT-057E2FFD,OPP-D082DAE6,Email,2026-05-06
ACT-AFE1CFE5,OPP-D082DAE6,Call,2026-05-22
ACT-FFB66D26,OPP-7079BE9F,Site Visit,2026-05-02
ACT-804E2F34,OPP-7079BE9F,Call,2026-05-05
ACT-9AB303FE,OPP-7079BE9F,Site Visit,2026-05-03
ACT-369F2AC5,OPP-D7B48918,Site Visit,2026-05-26
ACT-2A95E699,OPP-D7B48918,Site Visit,2026-05-29
ACT-2C69A0E4,OPP-03C9FACA,Email,2026-06-25
ACT-7F75FCE5,OPP-03C9FACA,Email,2026-06-09
ACT-D025B8E2,OPP-BCB741A5,Email,2026-05-25
ACT-14EA832B,OPP-BCB741A5,Call,2026-06-03
ACT-8AFD9228,OPP-9D6B1D25,Email,2026-06-11
ACT-F2E151C1,OPP-9D6B1D25,Site Visit,2026-05-07
ACT-FAE4C5B5,OPP-4B1178AB,Email,2026-05-17
ACT-6F98E550,OPP-4B1178AB,Meeting,2026-06-10
ACT-A8901FD2,OPP-5E9624FF,Call,2026-06-02
ACT-DB793D4F,OPP-270E2B91,Call,2026-06-23
ACT-2A20B282,OPP-270E2B91,Call,2026-06-23
ACT-D4E285F8,OPP-422162AA,Call,2026-06-29
ACT-A45B6A47,OPP-98A3662D,Call,2026-05-26
ACT-5785B87C,OPP-98A3662D,Call,2026-05-08
ACT-841CB277,OPP-98A3662D,Site Visit,2026-05-09
ACT-90E24005,OPP-98A3662D,Call,2026-06-21
ACT-B071FD43,OPP-80314A44,Call,2026-05-25
ACT-EE07C258,OPP-80314A44,Meeting,2026-06-01
ACT-82D22932,OPP-80314A44,Call,2026-06-08
ACT-534C192C,OPP-C14E070C,Meeting,2026-06-28
ACT-2ACEAEA6,OPP-C14E070C,Call,2026-06-29
ACT-83B301DD,OPP-7AA53CF0,Call,2026-06-25
ACT-5E2D1DF5,OPP-7AA53CF0,Email,2026-05-08
ACT-0B8A56CC,OPP-7AA53CF0,Email,2026-05-20
ACT-888929CD,OPP-2BD36055,Meeting,2026-06-21
ACT-1EAC79F9,OPP-1E29129B,Call,2026-06-08
ACT-EC2DB26C,OPP-1E29129B,Call,2026-06-26
ACT-2C5603BF,OPP-1E29129B,Email,2026-06-18
ACT-17B400D2,OPP-349F096F,Meeting,2026-06-26
ACT-863A9CEF,OPP-349F096F,Meeting,2026-06-23
ACT-94F4FBF1,OPP-349F096F,Call,2026-05-05
ACT-A6696CF4,OPP-6143A10C,Email,2026-06-16
ACT-D57E8F9A,OPP-6143A10C,Email,2026-05-07
ACT-E977A4BB,OPP-6143A10C,Call,2026-06-12
ACT-ADF53190,OPP-6143A10C,Call,2026-05-10
ACT-3D6F415D,OPP-8A839DD5,Call,2026-06-15
ACT-72A57B37,OPP-8A839DD5,Call,2026-06-20
ACT-3C88FB6E,OPP-8A839DD5,Email,2026-05-14
ACT-677FF9C2,OPP-8A839DD5,Email,2026-06-03
ACT-2BF75427,OPP-0CDD3828,Email,2026-06-27
ACT-FE05AF5F,OPP-BD91DFCB,Site Visit,2026-05-12
ACT-119F0554,OPP-BD91DFCB,Call,2026-05-31
ACT-6E81B494,OPP-BD91DFCB,Meeting,2026-06-20
ACT-130A6B73,OPP-CC9DBBD6,Site Visit,2026-05-13
ACT-5337029D,OPP-CC9DBBD6,Meeting,2026-06-14
ACT-88081030,OPP-D2C5DFE0,Site Visit,2026-06-22
ACT-48614456,OPP-D2C5DFE0,Call,2026-06-25
ACT-2693764A,OPP-C3C8FFBC,Email,2026-06-03
ACT-BACA4698,OPP-C3C8FFBC,Meeting,2026-05-03
ACT-B451C34E,OPP-C3C8FFBC,Meeting,2026-05-14
ACT-5D031BFD,OPP-1077B839,Call,2026-06-21
ACT-6CA7DD50,OPP-1077B839,Meeting,2026-06-03
ACT-77B9900C,OPP-1077B839,Call,2026-06-05
ACT-BE28E388,OPP-1077B839,Email,2026-05-27
ACT-7881BAF1,OPP-63530692,Email,2026-05-13
ACT-090AC0B6,OPP-63530692,Email,2026-06-21
ACT-5E9BFE84,OPP-63530692,Site Visit,2026-05-18
ACT-7E2CAD8E,OPP-B50AB9C2,Email,2026-05-24
ACT-8A6A6CB1,OPP-B50AB9C2,Meeting,2026-05-27
ACT-DDA06132,OPP-B50AB9C2,Meeting,2026-05-04
ACT-DAB99932,OPP-B50AB9C2,Site Visit,2026-06-02
ACT-0A09C095,OPP-C3C40122,Email,2026-06-02
ACT-FC17261D,OPP-F3E08624,Site Visit,2026-06-02
ACT-DEDCAEEF,OPP-F3E08624,Meeting,2026-05-30
ACT-8F51DF3E,OPP-9DF02269,Email,2026-06-27
ACT-BD481D3D,OPP-9DF02269,Call,2026-06-11
ACT-506E934D,OPP-9DF02269,Site Visit,2026-06-21
ACT-EAD06D15,OPP-9DF02269,Call,2026-05-16
ACT-178DC37C,OPP-1048B1A1,Meeting,2026-06-22
ACT-91FE9649,OPP-AEC79843,Site Visit,2026-05-15
ACT-E9470501,OPP-AEC79843,Call,2026-05-19
ACT-BAEE5A22,OPP-AEC79843,Email,2026-05-03
ACT-08A0D80B,OPP-AEC79843,Site Visit,2026-06-25
ACT-F86408BF,OPP-8C01C67B,Meeting,2026-06-29
ACT-72070ABE,OPP-8C01C67B,Call,2026-05-04
ACT-1C8BD103,OPP-8C01C67B,Email,2026-05-08
ACT-D5A12D2F,OPP-8C01C67B,Site Visit,2026-06-24
ACT-92FBF100,OPP-85ADAD1F,Meeting,2026-06-26
ACT-4B7B2D99,OPP-85ADAD1F,Meeting,2026-05-08
ACT-52E891FA,OPP-85ADAD1F,Meeting,2026-05-07
ACT-FB7D85B2,OPP-36803715,Meeting,2026-06-03
ACT-38DCC611,OPP-6B529967,Site Visit,2026-05-11
ACT-65F13818,OPP-6B529967,Email,2026-06-01
ACT-4EEDA6C1,OPP-6B529967,Email,2026-06-27
ACT-B98F00A7,OPP-DED8DD1A,Meeting,2026-06-20
ACT-37EE944E,OPP-DED8DD1A,Email,2026-05-10
ACT-7548E3DA,OPP-DED8DD1A,Call,2026-05-13
ACT-741899FF,OPP-A6373709,Email,2026-06-06
ACT-B0D44191,OPP-A6373709,Call,2026-06-11
ACT-F47A5441,OPP-A6373709,Meeting,2026-05-31
ACT-15465BB1,OPP-AD8CE17F,Meeting,2026-05-24
ACT-0B316411,OPP-AD8CE17F,Site Visit,2026-05-27
ACT-BD09745C,OPP-A1F43A0D,Meeting,2026-06-12
ACT-CB992A40,OPP-A1F43A0D,Site Visit,2026-05-18
ACT-20FA23BF,OPP-A1F43A0D,Email,2026-06-14
ACT-A184DBFF,OPP-A1F43A0D,Call,2026-06-09
ACT-6F9BD0CA,OPP-49EA709D,Email,2026-06-28
ACT-24DE1D48,OPP-49EA709D,Site Visit,2026-06-07
ACT-C17C688B,OPP-49EA709D,Call,2026-05-01
